player,team,position,season,games_played,minutes,points,rebounds,assists,steals,blocks,fg_pct,three_pct,ft_pct,usage_rate,win_shares
Joel Embiid,PHI,C,2024,39.0,33.6,34.7,11.0,5.6,1.2,1.7,0.529,0.388,0.883,39.6,7.5
Luka Dončić,DAL,PG,2024,70.0,37.5,33.9,9.2,9.8,1.4,0.5,0.487,0.382,0.786,36.0,12.0
Giannis Antetokounmpo,MIL,PF,2024,73.0,35.2,30.4,11.5,6.5,1.2,1.1,0.611,0.274,0.657,33.0,13.2
Shai Gilgeous-Alexander,OKC,PG,2024,75.0,34.0,30.1,5.5,6.2,2.0,0.9,0.535,0.353,0.874,32.8,14.6
Jalen Brunson,NYK,PG,2024,77.0,35.4,28.7,3.6,6.7,0.9,0.2,0.479,0.401,0.847,32.5,11.2
Devin Booker,PHO,PG,2024,68.0,36.0,27.1,4.5,6.9,0.9,0.4,0.492,0.364,0.886,29.8,9.2
Kevin Durant,PHO,PF,2024,75.0,37.2,27.1,6.6,5.0,0.9,1.2,0.523,0.413,0.856,29.0,8.3
Jayson Tatum,BOS,PF,2024,74.0,35.7,26.9,8.1,4.9,1.0,0.6,0.471,0.376,0.833,30.2,10.4
De'Aaron Fox,SAC,PG,2024,74.0,35.9,26.6,4.6,5.6,2.0,0.4,0.465,0.369,0.738,31.0,6.5
Donovan Mitchell,CLE,SG,2024,55.0,35.3,26.6,5.1,6.1,1.8,0.5,0.462,0.368,0.865,31.4,6.4
Stephen Curry,GSW,PG,2024,74.0,32.7,26.4,4.5,5.1,0.7,0.4,0.45,0.408,0.923,31.3,7.2
Nikola Jokić,DEN,C,2024,79.0,34.6,26.4,12.4,9.0,1.4,0.9,0.583,0.359,0.817,29.3,17.0
Anthony Edwards,MIN,SG,2024,79.0,35.1,25.9,5.4,5.1,1.3,0.5,0.461,0.357,0.836,32.3,7.5
Tyrese Maxey,PHI,PG,2024,70.0,37.5,25.9,3.7,6.2,1.0,0.5,0.45,0.373,0.868,28.0,8.1
LeBron James,LAL,PF,2024,71.0,35.3,25.7,7.3,8.3,1.3,0.5,0.54,0.41,0.75,29.2,8.5
Trae Young,ATL,PG,2024,54.0,36.0,25.7,2.8,10.8,1.3,0.2,0.43,0.373,0.855,30.5,4.6
Kyrie Irving,DAL,SG,2024,58.0,35.0,25.6,5.0,5.2,1.3,0.5,0.497,0.411,0.905,28.1,6.9
Ja Morant,MEM,PG,2024,9.0,35.3,25.1,5.6,8.1,0.8,0.6,0.471,0.275,0.813,30.4,0.8
Anthony Davis,LAL,C,2024,76.0,35.5,24.7,12.6,3.5,1.2,2.3,0.556,0.271,0.816,26.7,11.8
Damian Lillard,MIL,PG,2024,73.0,35.3,24.3,4.4,7.0,1.0,0.2,0.424,0.354,0.92,28.4,7.7
DeMar DeRozan,CHI,SF,2024,79.0,37.8,24.0,4.3,5.3,1.1,0.6,0.48,0.333,0.853,25.8,9.2
Julius Randle,NYK,PF,2024,46.0,35.4,24.0,9.2,5.0,0.5,0.3,0.472,0.311,0.781,29.9,3.8
LaMelo Ball,CHO,PG,2024,22.0,32.3,23.9,5.1,8.0,1.8,0.2,0.433,0.355,0.865,34.3,1.1
Desmond Bane,MEM,SG,2024,42.0,34.4,23.7,4.4,5.5,1.0,0.5,0.464,0.381,0.87,28.5,3.1
Kawhi Leonard,LAC,SF,2024,68.0,34.3,23.7,6.1,3.6,1.6,0.9,0.525,0.417,0.885,26.5,8.9
Lauri Markkanen,UTA,PF,2024,55.0,33.1,23.2,8.2,2.0,0.9,0.5,0.48,0.399,0.899,25.0,6.2
Jaylen Brown,BOS,SF,2024,70.0,33.5,23.0,5.5,3.6,1.2,0.5,0.499,0.354,0.703,28.9,5.9
Zion Williamson,NOP,PF,2024,70.0,31.5,22.9,5.8,5.0,1.1,0.7,0.57,0.333,0.702,29.7,7.5
Cade Cunningham,DET,PG,2024,62.0,33.5,22.7,4.3,7.5,0.9,0.4,0.449,0.355,0.869,30.8,1.8
Paolo Banchero,ORL,PF,2024,80.0,35.0,22.6,6.9,5.4,0.9,0.6,0.455,0.339,0.725,29.7,5.3
Paul George,LAC,PF,2024,74.0,33.8,22.6,5.2,3.5,1.5,0.5,0.471,0.413,0.907,26.6,7.3
Anfernee Simons,POR,SG,2024,46.0,34.4,22.6,3.6,5.5,0.5,0.1,0.43,0.385,0.916,28.0,2.2
Jaren Jackson Jr.,MEM,C,2024,66.0,32.2,22.5,5.5,2.3,1.2,1.6,0.444,0.32,0.808,30.4,3.0
Dejounte Murray,ATL,SG,2024,78.0,35.7,22.5,5.3,6.4,1.4,0.3,0.459,0.363,0.794,26.6,4.9
Cam Thomas,BRK,SG,2024,66.0,31.4,22.5,3.2,2.9,0.7,0.2,0.442,0.364,0.856,30.5,2.5
Kyle Kuzma,WAS,PF,2024,70.0,32.6,22.2,6.6,4.2,0.5,0.7,0.463,0.336,0.775,29.7,0.2
Karl-Anthony Towns,MIN,PF,2024,62.0,32.7,21.8,8.3,3.0,0.7,0.7,0.504,0.416,0.873,27.4,6.3
Pascal Siakam,2TM,PF,2024,80.0,33.2,21.7,7.1,4.3,0.8,0.3,0.536,0.346,0.732,25.3,6.9
Pascal Siakam,TOR,PF,2024,39.0,34.7,22.2,6.3,4.9,0.8,0.3,0.522,0.317,0.758,25.3,3.0
Pascal Siakam,IND,PF,2024,41.0,31.8,21.3,7.8,3.7,0.8,0.4,0.549,0.386,0.699,25.2,3.9
Victor Wembanyama,SAS,C,2024,71.0,29.7,21.4,10.6,3.9,1.2,3.6,0.465,0.325,0.796,32.2,3.7
Jamal Murray,DEN,PG,2024,59.0,31.5,21.2,4.1,6.5,1.0,0.7,0.481,0.425,0.853,27.9,5.9
Alperen Şengün,HOU,C,2024,63.0,32.5,21.1,9.3,5.0,1.2,0.7,0.537,0.297,0.693,27.0,6.9
Miles Bridges,CHO,SF,2024,69.0,37.4,21.0,7.3,3.3,0.9,0.5,0.462,0.349,0.825,24.7,2.2
Jerami Grant,POR,PF,2024,54.0,33.9,21.0,3.5,2.8,0.8,0.6,0.451,0.402,0.817,25.7,2.7
Jimmy Butler,MIA,PF,2024,60.0,34.0,20.8,5.3,5.0,1.3,0.3,0.499,0.414,0.858,24.0,9.1
Tyler Herro,MIA,SG,2024,42.0,33.5,20.8,5.3,4.5,0.7,0.1,0.441,0.396,0.856,27.8,2.0
Brandon Ingram,NOP,SF,2024,64.0,32.9,20.8,5.1,5.7,0.8,0.6,0.492,0.355,0.801,27.2,5.1
RJ Barrett,2TM,SG,2024,58.0,31.7,20.2,5.4,3.3,0.5,0.4,0.495,0.36,0.715,26.5,2.9
RJ Barrett,NYK,SG,2024,26.0,29.5,18.2,4.3,2.4,0.5,0.3,0.423,0.331,0.831,27.6,1.1
RJ Barrett,TOR,SG,2024,32.0,33.5,21.8,6.4,4.1,0.6,0.4,0.553,0.392,0.629,25.7,1.7
Tyrese Haliburton,IND,PG,2024,69.0,32.2,20.1,3.9,10.9,1.2,0.7,0.477,0.364,0.855,24.6,9.0
Kristaps Porziņģis,BOS,C,2024,57.0,29.6,20.1,7.2,2.0,0.7,1.9,0.516,0.375,0.858,25.1,7.9
CJ McCollum,NOP,PG,2024,66.0,32.7,20.0,4.3,4.6,0.9,0.6,0.459,0.429,0.827,24.7,5.9
Scottie Barnes,TOR,SG,2024,60.0,34.9,19.9,8.2,6.1,1.3,1.5,0.475,0.341,0.781,24.8,4.3
Terry Rozier,2TM,SG,2024,61.0,33.4,19.8,4.0,5.6,1.0,0.3,0.443,0.363,0.869,25.9,3.9
Terry Rozier,CHO,SG,2024,30.0,35.5,23.2,3.9,6.6,1.1,0.4,0.459,0.358,0.845,27.8,2.0
Terry Rozier,MIA,PG,2024,31.0,31.5,16.4,4.2,4.6,1.0,0.3,0.423,0.371,0.913,23.8,1.9
Franz Wagner,ORL,SF,2024,72.0,32.5,19.7,5.3,3.7,1.1,0.4,0.482,0.281,0.85,25.7,6.4
Mikal Bridges,BRK,SF,2024,82.0,34.8,19.6,4.5,3.6,1.0,0.4,0.436,0.372,0.814,24.3,4.2
Jalen Green,HOU,SG,2024,82.0,31.7,19.6,5.2,3.5,0.8,0.3,0.423,0.332,0.804,27.4,3.1
Zach LaVine,CHI,SG,2024,25.0,34.9,19.5,5.2,3.9,0.8,0.3,0.452,0.349,0.854,23.8,1.5
Devin Vassell,SAS,SG,2024,68.0,33.1,19.5,3.8,4.1,1.1,0.3,0.472,0.372,0.801,23.5,3.6
Domantas Sabonis,SAC,C,2024,82.0,35.7,19.4,13.7,8.2,0.9,0.6,0.594,0.379,0.704,22.2,12.6
Bam Adebayo,MIA,C,2024,71.0,34.0,19.3,10.4,3.9,1.1,0.9,0.521,0.357,0.755,24.9,7.2
Coby White,CHI,PG,2024,79.0,36.5,19.1,4.5,5.1,0.7,0.2,0.447,0.376,0.838,22.7,4.7
Jalen Williams,OKC,PF,2024,71.0,31.3,19.1,4.0,4.5,1.1,0.6,0.54,0.427,0.814,23.7,7.3
Collin Sexton,UTA,SG,2024,78.0,26.6,18.7,2.6,4.9,0.8,0.2,0.487,0.394,0.859,27.5,5.5
Bradley Beal,PHO,SG,2024,53.0,33.3,18.2,4.4,5.0,1.0,0.5,0.513,0.43,0.813,22.7,3.9
Darius Garland,CLE,PG,2024,57.0,33.4,18.0,2.7,6.5,1.3,0.1,0.446,0.371,0.834,25.3,2.7
D'Angelo Russell,LAL,PG,2024,76.0,32.7,18.0,3.1,6.3,0.9,0.5,0.456,0.415,0.828,23.0,5.1
Nikola Vučević,CHI,C,2024,76.0,34.3,18.0,10.5,3.3,0.7,0.8,0.484,0.294,0.822,23.3,5.4
Klay Thompson,GSW,SF,2024,77.0,29.7,17.9,3.3,2.3,0.6,0.5,0.432,0.387,0.927,24.2,3.6
Jordan Poole,WAS,SG,2024,78.0,30.1,17.4,2.7,4.4,1.1,0.3,0.413,0.326,0.877,26.4,-0.6
Fred VanVleet,HOU,PG,2024,73.0,36.8,17.4,3.8,8.1,1.4,0.8,0.416,0.387,0.86,19.7,8.4
Brandon Miller,CHO,SF,2024,74.0,32.2,17.3,4.3,2.4,0.9,0.6,0.44,0.373,0.827,23.9,0.8
Tobias Harris,PHI,PF,2024,70.0,33.8,17.2,6.5,3.1,1.0,0.7,0.487,0.353,0.878,20.7,5.9
Jordan Clarkson,UTA,SG,2024,55.0,30.6,17.1,3.4,5.0,0.6,0.1,0.413,0.294,0.881,26.1,0.2
Myles Turner,IND,C,2024,77.0,27.0,17.1,6.9,1.3,0.5,1.9,0.524,0.358,0.773,23.4,5.8
Immanuel Quickley,2TM,SG,2024,68.0,29.2,17.0,3.8,4.9,0.7,0.1,0.434,0.395,0.853,23.8,4.7
Immanuel Quickley,NYK,SG,2024,30.0,24.0,15.0,2.6,2.5,0.5,0.1,0.454,0.395,0.872,24.4,2.2
Immanuel Quickley,TOR,PG,2024,38.0,33.3,18.6,4.8,6.8,0.9,0.2,0.422,0.395,0.841,23.5,2.5
Bogdan Bogdanović,ATL,SG,2024,79.0,30.4,16.9,3.4,3.1,1.2,0.3,0.428,0.374,0.921,22.3,3.9
Deandre Ayton,POR,C,2024,55.0,32.4,16.7,11.1,1.6,1.0,0.8,0.57,0.1,0.823,21.1,3.9
Michael Porter Jr.,DEN,SF,2024,81.0,31.7,16.7,7.0,1.5,0.5,0.7,0.484,0.397,0.836,20.7,6.2
James Harden,LAC,PG,2024,72.0,34.3,16.6,5.1,8.5,1.1,0.8,0.428,0.381,0.878,20.6,8.4
Jarrett Allen,CLE,C,2024,77.0,31.7,16.5,10.5,2.7,0.7,1.1,0.634,0.0,0.742,19.4,10.7
Chet Holmgren,OKC,C,2024,82.0,29.4,16.5,7.9,2.4,0.6,2.3,0.53,0.37,0.793,21.6,8.9
Jonathan Kuminga,GSW,PF,2024,74.0,26.3,16.1,4.8,2.2,0.7,0.5,0.529,0.321,0.746,24.1,4.6
Jalen Johnson,ATL,SF,2024,56.0,33.7,16.0,8.7,3.6,1.2,0.8,0.511,0.355,0.728,19.1,3.8
Austin Reaves,LAL,SG,2024,82.0,32.1,15.9,4.3,5.5,0.8,0.3,0.486,0.367,0.853,20.3,5.9
Shaedon Sharpe,POR,SG,2024,32.0,33.1,15.9,5.0,2.9,0.9,0.4,0.406,0.333,0.824,22.4,0.5
Malcolm Brogdon,POR,PG,2024,39.0,28.7,15.7,3.8,5.5,0.7,0.2,0.44,0.412,0.819,23.0,2.6
Keldon Johnson,SAS,SF,2024,69.0,29.5,15.7,5.5,2.8,0.7,0.3,0.454,0.346,0.792,21.9,3.0
Evan Mobley,CLE,PF,2024,50.0,30.6,15.7,9.4,3.2,0.9,1.4,0.58,0.373,0.719,20.6,5.5
De'Andre Hunter,ATL,SF,2024,57.0,29.5,15.6,3.9,1.5,0.7,0.3,0.459,0.385,0.847,20.6,2.2
Donte DiVincenzo,NYK,SG,2024,81.0,29.1,15.5,3.7,2.7,1.3,0.4,0.443,0.401,0.754,21.3,6.6
Jaden Ivey,DET,SG,2024,77.0,28.8,15.4,3.4,3.8,0.7,0.5,0.429,0.336,0.749,24.9,0.5
Malik Monk,SAC,SG,2024,72.0,26.0,15.4,2.9,5.1,0.6,0.5,0.443,0.35,0.829,25.9,3.5
Kelly Oubre Jr.,PHI,SF,2024,68.0,30.2,15.4,5.0,1.5,1.1,0.7,0.441,0.311,0.75,22.4,3.0
Bojan Bogdanović,2TM,PF,2024,57.0,25.9,15.2,2.7,1.7,0.5,0.1,0.454,0.398,0.785,24.6,1.1
Bojan Bogdanović,DET,PF,2024,28.0,32.9,20.2,3.4,2.5,0.8,0.1,0.468,0.415,0.779,24.7,0.8
Bojan Bogdanović,NYK,SF,2024,29.0,19.2,10.4,2.0,0.9,0.2,0.0,0.43,0.37,0.8,24.3,0.2
Keegan Murray,SAC,SF,2024,77.0,33.6,15.2,5.5,1.7,1.0,0.8,0.454,0.358,0.831,18.1,5.2
Derrick White,BOS,SG,2024,73.0,32.6,15.2,4.2,5.2,1.0,1.2,0.461,0.396,0.901,18.6,8.5
John Collins,UTA,PF,2024,68.0,28.0,15.1,8.5,1.1,0.6,0.9,0.532,0.371,0.795,20.4,4.4
Khris Middleton,MIL,SF,2024,55.0,27.0,15.1,4.7,5.3,0.9,0.3,0.493,0.381,0.833,23.9,3.4
Trey Murphy III,NOP,SF,2024,57.0,29.6,14.8,4.9,2.2,0.9,0.5,0.443,0.38,0.815,18.6,5.4
OG Anunoby,2TM,SF,2024,50.0,34.0,14.7,4.2,2.1,1.4,0.7,0.489,0.382,0.753,17.6,2.6
OG Anunoby,TOR,SF,2024,27.0,33.3,15.1,3.9,2.7,1.0,0.5,0.489,0.374,0.717,18.2,1.0
OG Anunoby,NYK,SF,2024,23.0,34.9,14.1,4.4,1.5,1.7,1.0,0.488,0.394,0.791,16.8,1.6
Deni Avdija,WAS,SF,2024,75.0,30.1,14.7,7.2,3.8,0.8,0.5,0.506,0.374,0.74,20.2,3.2
GG Jackson II,MEM,PF,2024,48.0,25.7,14.6,4.1,1.2,0.6,0.5,0.428,0.357,0.752,24.2,1.2
Bennedict Mathurin,IND,SF,2024,59.0,26.1,14.5,4.0,2.0,0.6,0.2,0.446,0.374,0.821,23.4,1.4
Marcus Smart,MEM,PG,2024,20.0,30.3,14.5,2.7,4.3,2.1,0.3,0.43,0.313,0.768,22.9,0.2
Tim Hardaway Jr.,DAL,SF,2024,79.0,26.8,14.4,3.2,1.8,0.5,0.1,0.402,0.353,0.852,22.6,2.2
Dennis Schröder,2TM,PG,2024,80.0,31.1,14.0,3.0,6.1,0.8,0.2,0.435,0.375,0.836,20.3,3.3
Dennis Schröder,TOR,PG,2024,51.0,30.6,13.7,2.7,6.1,0.9,0.2,0.442,0.35,0.852,19.4,2.5
Dennis Schröder,BRK,PG,2024,29.0,32.0,14.6,3.5,6.0,0.6,0.3,0.424,0.412,0.797,21.8,0.8
Rudy Gobert,MIN,C,2024,76.0,34.1,14.0,12.9,1.3,0.7,2.1,0.661,0.0,0.638,15.4,11.6
Scoot Henderson,POR,PG,2024,62.0,28.5,14.0,3.1,5.4,0.8,0.2,0.385,0.325,0.819,26.5,-1.7
Caris LeVert,CLE,SG,2024,68.0,28.8,14.0,4.1,5.1,1.1,0.5,0.421,0.325,0.766,23.1,3.6
Aaron Gordon,DEN,PF,2024,73.0,31.5,13.9,6.5,3.5,0.8,0.6,0.556,0.29,0.658,17.8,7.1
Norman Powell,LAC,SG,2024,76.0,26.2,13.9,2.6,1.1,0.6,0.3,0.486,0.435,0.831,20.0,4.1
Jalen Duren,DET,C,2024,61.0,29.1,13.8,11.6,2.4,0.5,0.8,0.619,0.0,0.79,18.5,4.8
Bobby Portis,MIL,PF,2024,82.0,24.5,13.8,7.4,1.3,0.8,0.4,0.508,0.407,0.79,22.9,4.7
Saddiq Bey,ATL,SF,2024,63.0,32.7,13.7,6.5,1.5,0.8,0.2,0.416,0.316,0.837,17.0,3.5
Jabari Smith Jr.,HOU,PF,2024,76.0,31.9,13.7,8.1,1.6,0.7,0.8,0.454,0.363,0.811,17.6,5.6
Gary Trent Jr.,TOR,SG,2024,71.0,28.1,13.7,2.6,1.7,1.1,0.1,0.426,0.393,0.771,20.0,1.7
Rui Hachimura,LAL,PF,2024,68.0,26.9,13.6,4.3,1.2,0.6,0.4,0.537,0.422,0.739,18.5,4.1
Grayson Allen,PHO,SG,2024,75.0,33.5,13.5,3.9,3.0,0.9,0.6,0.499,0.461,0.878,14.5,6.9
Naz Reid,MIN,PF,2024,81.0,24.2,13.5,5.2,1.3,0.8,0.9,0.477,0.414,0.736,23.1,4.9
Cameron Johnson,BRK,PF,2024,58.0,27.6,13.4,4.3,2.4,0.8,0.3,0.446,0.391,0.789,19.6,3.3
Corey Kispert,WAS,SF,2024,80.0,25.8,13.4,2.8,2.0,0.5,0.2,0.486,0.383,0.726,19.6,2.1
Andrew Wiggins,GSW,SF,2024,71.0,27.0,13.2,4.5,1.7,0.6,0.6,0.453,0.358,0.751,20.9,2.8
Keyonte George,UTA,PG,2024,75.0,27.0,13.0,2.8,4.4,0.5,0.1,0.391,0.334,0.848,22.8,-0.3
P.J. Washington,2TM,PF,2024,73.0,30.4,12.9,5.6,1.9,1.0,0.8,0.436,0.32,0.683,19.1,1.9
P.J. Washington,CHO,PF,2024,44.0,29.2,13.6,5.3,2.2,0.9,0.7,0.446,0.324,0.713,21.2,0.8
P.J. Washington,DAL,PF,2024,29.0,32.2,11.7,6.2,1.5,1.2,0.9,0.421,0.314,0.627,16.3,1.1
Scotty Pippen Jr.,MEM,PG,2024,21.0,25.1,12.9,3.2,4.7,1.7,0.5,0.493,0.417,0.745,23.0,1.0
Duncan Robinson,MIA,SF,2024,68.0,28.0,12.9,2.5,2.8,0.7,0.2,0.45,0.395,0.889,19.0,3.6
Dillon Brooks,HOU,SF,2024,72.0,30.9,12.7,3.4,1.7,0.9,0.1,0.428,0.359,0.844,17.6,2.7
Mark Williams,CHO,C,2024,19.0,26.7,12.7,9.7,1.2,0.8,1.1,0.649,0.0,0.719,17.1,2.1
Jalen Suggs,ORL,SG,2024,75.0,27.0,12.6,3.1,2.7,1.4,0.6,0.471,0.397,0.756,19.7,4.7
Jrue Holiday,BOS,PG,2024,69.0,32.8,12.5,5.4,4.8,0.9,0.8,0.48,0.429,0.833,16.3,6.3
Brook Lopez,MIL,C,2024,79.0,30.5,12.5,5.2,1.6,0.5,2.4,0.485,0.366,0.821,16.0,5.9
Josh Giddey,OKC,SG,2024,80.0,25.1,12.3,6.4,4.8,0.6,0.6,0.475,0.337,0.806,23.1,4.3
Cam Whitmore,HOU,SF,2024,47.0,18.7,12.3,3.8,0.7,0.6,0.4,0.454,0.359,0.679,27.1,1.5
Harrison Barnes,SAC,PF,2024,82.0,29.0,12.2,3.0,1.2,0.7,0.1,0.474,0.387,0.801,15.7,4.7
Ayo Dosunmu,CHI,SG,2024,76.0,29.1,12.2,2.8,3.2,0.9,0.5,0.501,0.403,0.81,17.2,4.1
Javonte Green,CHI,SF,2024,9.0,25.6,12.2,7.4,0.6,1.1,0.9,0.6,0.37,0.769,16.7,0.9
Aaron Nesmith,IND,SF,2024,72.0,27.7,12.2,3.8,1.5,0.9,0.7,0.496,0.419,0.781,16.0,4.1
Max Strus,CLE,SF,2024,70.0,32.0,12.2,4.8,4.0,0.9,0.4,0.418,0.351,0.794,17.4,3.9
Jonas Valančiūnas,NOP,C,2024,82.0,23.5,12.2,8.8,2.1,0.4,0.8,0.559,0.308,0.785,20.8,7.1
Buddy Hield,2TM,SF,2024,84.0,25.7,12.1,3.2,2.8,0.8,0.5,0.436,0.386,0.881,19.2,3.5
Buddy Hield,IND,SF,2024,52.0,25.7,12.0,3.2,2.7,0.8,0.6,0.443,0.384,0.848,18.6,2.0
Buddy Hield,PHI,SG,2024,32.0,25.8,12.2,3.2,3.0,0.8,0.3,0.426,0.389,0.923,20.2,1.5
Tyus Jones,WAS,PG,2024,66.0,29.3,12.0,2.7,7.3,1.1,0.3,0.489,0.414,0.8,16.3,4.5
Jaime Jaquez Jr.,MIA,SF,2024,75.0,28.2,11.9,3.8,2.6,1.0,0.3,0.489,0.322,0.811,18.7,4.0
Nic Claxton,BRK,C,2024,71.0,29.8,11.8,9.9,2.1,0.6,2.1,0.629,0.2,0.551,15.6,6.7
Marvin Bagley III,2TM,C,2024,50.0,21.1,11.7,6.2,1.1,0.4,0.7,0.586,0.391,0.762,21.0,2.7
Marvin Bagley III,DET,C,2024,26.0,18.4,10.2,4.5,1.0,0.2,0.5,0.591,0.167,0.82,21.1,1.1
Marvin Bagley III,WAS,C,2024,24.0,24.0,13.3,8.1,1.2,0.6,0.8,0.581,0.471,0.708,20.9,1.6
Ivica Zubac,LAC,C,2024,68.0,26.4,11.7,9.2,1.4,0.3,1.2,0.649,0.0,0.723,16.4,6.8
Cole Anthony,ORL,PG,2024,81.0,22.4,11.6,3.8,2.9,0.8,0.5,0.435,0.338,0.826,23.7,3.6
Jeremy Sochan,SAS,PF,2024,74.0,29.6,11.6,6.4,3.4,0.8,0.5,0.438,0.308,0.771,18.8,1.4
Clint Capela,ATL,C,2024,73.0,25.8,11.5,10.6,1.2,0.6,1.5,0.571,0.0,0.631,17.3,6.3
Mike Conley,MIN,PG,2024,76.0,28.9,11.4,2.9,5.9,1.2,0.2,0.457,0.442,0.911,16.0,8.2
Malik Beasley,MIL,SG,2024,79.0,29.6,11.3,3.7,1.4,0.7,0.1,0.443,0.413,0.714,14.6,3.5
Brandon Clarke,MEM,PF,2024,6.0,22.3,11.3,5.3,1.5,0.8,1.0,0.559,0.167,0.143,20.8,0.3
Zach Collins,SAS,C,2024,69.0,22.1,11.2,5.4,2.8,0.5,0.8,0.484,0.32,0.753,22.7,1.8
De'Anthony Melton,PHI,SG,2024,38.0,26.9,11.1,3.7,3.0,1.6,0.4,0.386,0.36,0.835,18.3,2.1
Jakob Poeltl,TOR,C,2024,50.0,26.4,11.1,8.6,2.5,0.7,1.5,0.656,0.0,0.551,16.2,3.8
Russell Westbrook,LAC,PG,2024,68.0,22.5,11.1,5.0,4.5,1.1,0.3,0.454,0.273,0.688,25.2,2.1
Daniel Gafford,2TM,C,2024,74.0,24.5,11.0,7.6,1.6,0.9,2.1,0.725,0.0,0.674,14.7,7.8
Daniel Gafford,WAS,C,2024,45.0,26.5,10.9,8.0,1.5,1.0,2.2,0.69,0.0,0.706,13.9,4.4
Daniel Gafford,DAL,PF,2024,29.0,21.5,11.2,6.9,1.6,0.7,1.9,0.78,0.0,0.607,16.4,3.3
Wendell Carter Jr.,ORL,C,2024,55.0,25.6,11.0,6.9,1.7,0.6,0.5,0.525,0.374,0.694,17.2,4.4
Eric Gordon,PHO,SG,2024,68.0,27.8,11.0,1.8,2.0,1.0,0.4,0.443,0.378,0.797,16.5,2.5
Herbert Jones,NOP,SF,2024,76.0,30.5,11.0,3.6,2.6,1.4,0.8,0.498,0.418,0.867,14.1,6.3
Luke Kennard,MEM,SG,2024,39.0,25.6,11.0,2.9,3.5,0.5,0.1,0.448,0.45,0.889,16.7,2.1
Luguentz Dort,OKC,SF,2024,79.0,28.4,10.9,3.6,1.4,0.9,0.6,0.438,0.394,0.826,15.4,4.6
Jusuf Nurkić,PHO,C,2024,76.0,27.3,10.9,11.0,4.0,1.1,1.1,0.51,0.244,0.64,19.1,5.8
Isaiah Stewart,DET,PF,2024,46.0,30.9,10.9,6.6,1.6,0.4,0.8,0.487,0.383,0.753,14.5,1.7
Moritz Wagner,ORL,C,2024,80.0,17.7,10.9,4.3,1.2,0.5,0.3,0.601,0.33,0.814,22.8,5.6
Bruce Brown,2TM,SG,2024,67.0,27.9,10.8,4.2,2.9,0.9,0.3,0.478,0.323,0.824,16.5,2.2
Bruce Brown,IND,SG,2024,33.0,29.7,12.1,4.7,3.0,1.1,0.2,0.475,0.327,0.817,16.7,1.5
Bruce Brown,TOR,PG,2024,34.0,26.0,9.6,3.8,2.7,0.7,0.3,0.481,0.317,0.833,16.4,0.7
Jake LaRavia,MEM,PF,2024,35.0,23.0,10.8,3.7,1.7,0.8,0.3,0.389,0.34,0.826,21.1,1.0
Santi Aldama,MEM,PF,2024,61.0,26.5,10.7,5.8,2.3,0.7,0.9,0.435,0.349,0.621,17.9,2.4
Simone Fontecchio,2TM,SF,2024,66.0,24.9,10.5,3.7,1.5,0.7,0.3,0.46,0.401,0.818,16.5,2.1
Simone Fontecchio,UTA,SF,2024,50.0,23.2,8.9,3.5,1.5,0.6,0.4,0.45,0.391,0.8,15.4,1.3
Simone Fontecchio,DET,SF,2024,16.0,30.3,15.4,4.4,1.8,0.9,0.3,0.479,0.426,0.846,19.2,0.8
Spencer Dinwiddie,2TM,PG,2024,76.0,28.3,10.5,2.7,4.7,0.7,0.3,0.392,0.337,0.805,16.6,3.6
Spencer Dinwiddie,BRK,PG,2024,48.0,30.7,12.6,3.3,6.0,0.8,0.2,0.391,0.32,0.781,18.6,2.9
Spencer Dinwiddie,LAL,PG,2024,28.0,24.2,6.8,1.7,2.4,0.5,0.5,0.397,0.389,0.88,12.2,0.7
Jaden McDaniels,MIN,SF,2024,72.0,29.2,10.5,3.1,1.4,0.9,0.6,0.489,0.337,0.722,15.7,3.4
Alec Burks,2TM,SG,2024,66.0,18.4,10.4,2.3,1.3,0.4,0.2,0.369,0.376,0.868,24.4,1.4
Alec Burks,DET,SG,2024,43.0,21.0,12.6,2.6,1.6,0.5,0.3,0.394,0.401,0.903,23.5,1.7
Alec Burks,NYK,SG,2024,23.0,13.5,6.5,1.7,0.9,0.3,0.0,0.307,0.301,0.727,26.9,-0.4
Dalano Banton,2TM,PG,2024,54.0,19.4,10.3,3.3,2.4,0.6,0.4,0.404,0.296,0.783,25.7,0.5
Dalano Banton,BOS,PG,2024,24.0,7.1,2.3,1.5,0.8,0.2,0.1,0.373,0.125,0.8,17.8,0.2
Dalano Banton,POR,PG,2024,30.0,29.2,16.7,4.8,3.6,0.9,0.6,0.408,0.311,0.78,27.2,0.3
Grant Williams,2TM,PF,2024,76.0,28.0,10.3,4.2,2.3,0.6,0.5,0.456,0.375,0.757,15.9,2.6
Grant Williams,DAL,PF,2024,47.0,26.4,8.1,3.6,1.7,0.5,0.6,0.413,0.376,0.745,13.6,1.3
Grant Williams,CHO,PF,2024,29.0,30.6,13.9,5.1,3.2,0.7,0.4,0.503,0.373,0.765,19.0,1.3
Obi Toppin,IND,PF,2024,82.0,21.1,10.3,3.9,1.6,0.6,0.5,0.573,0.403,0.77,16.8,4.8
Kevin Huerter,SAC,SG,2024,64.0,24.4,10.2,3.5,2.6,0.7,0.4,0.443,0.361,0.766,17.3,2.9
Reggie Jackson,DEN,PG,2024,82.0,22.2,10.2,1.9,3.8,0.5,0.2,0.431,0.359,0.806,21.7,2.1
T.J. McConnell,IND,PG,2024,71.0,18.2,10.2,2.7,5.5,1.0,0.1,0.556,0.409,0.79,23.7,3.9
Onyeka Okongwu,ATL,C,2024,55.0,25.5,10.2,6.8,1.3,0.5,1.1,0.611,0.333,0.793,13.7,4.5
Kentavious Caldwell-Pope,DEN,SG,2024,76.0,31.6,10.1,2.4,2.4,1.3,0.6,0.46,0.406,0.894,12.9,4.8
Alex Caruso,CHI,SG,2024,71.0,28.7,10.1,3.8,3.5,1.7,1.0,0.468,0.408,0.76,14.7,4.9
Talen Horton-Tucker,UTA,PG,2024,51.0,19.8,10.1,2.4,3.5,0.9,0.4,0.396,0.33,0.807,24.0,0.8
Tre Jones,SAS,PG,2024,77.0,27.8,10.0,3.8,6.2,1.0,0.1,0.505,0.335,0.856,15.2,4.9
Caleb Martin,MIA,SF,2024,64.0,27.4,10.0,4.4,2.2,0.7,0.5,0.431,0.349,0.778,17.3,2.4
Patrick Williams,CHI,PF,2024,43.0,27.3,10.0,3.9,1.5,0.9,0.8,0.443,0.399,0.788,16.6,1.2
Vince Williams Jr.,MEM,SG,2024,52.0,27.6,10.0,5.6,3.4,0.9,0.7,0.446,0.378,0.8,15.8,2.8
Josh Richardson,MIA,SG,2024,43.0,25.7,9.9,2.8,2.4,0.6,0.3,0.444,0.347,0.944,16.5,2.1
Jalen Smith,IND,C,2024,61.0,17.2,9.9,5.5,1.0,0.3,0.6,0.592,0.424,0.692,19.4,4.0
Gordon Hayward,2TM,SF,2024,51.0,24.4,9.8,3.5,3.1,0.8,0.3,0.464,0.411,0.742,18.4,1.5
Gordon Hayward,CHO,SF,2024,25.0,31.9,14.5,4.7,4.6,1.1,0.5,0.468,0.361,0.765,21.2,0.7
Gordon Hayward,OKC,SF,2024,26.0,17.2,5.3,2.5,1.6,0.5,0.0,0.453,0.517,0.692,13.4,0.8
Kelly Olynyk,2TM,C,2024,78.0,22.6,9.8,5.3,4.4,0.9,0.4,0.555,0.387,0.833,17.5,4.9
Kelly Olynyk,UTA,C,2024,50.0,20.4,8.1,5.1,4.4,0.7,0.2,0.562,0.429,0.842,15.6,3.1
Kelly Olynyk,TOR,C,2024,28.0,26.4,12.7,5.6,4.6,1.3,0.6,0.548,0.338,0.824,20.0,1.7
Tari Eason,HOU,PF,2024,22.0,21.8,9.8,7.0,1.2,1.4,0.9,0.466,0.36,0.636,19.8,1.3
Nick Richards,CHO,C,2024,67.0,26.3,9.7,8.0,0.8,0.4,1.1,0.691,0.0,0.737,13.3,5.1
Lonnie Walker IV,BRK,SG,2024,58.0,17.4,9.7,2.2,1.3,0.6,0.3,0.423,0.384,0.763,24.4,0.8
Payton Pritchard,BOS,PG,2024,82.0,22.3,9.6,3.2,3.4,0.5,0.1,0.468,0.385,0.821,17.2,6.1
Amen Thompson,HOU,SF,2024,62.0,22.4,9.5,6.6,2.6,1.3,0.6,0.536,0.138,0.684,18.5,4.3
Josh Hart,NYK,SF,2024,81.0,33.4,9.4,8.3,4.1,0.9,0.3,0.434,0.31,0.791,13.5,5.7
Georges Niang,CLE,PF,2024,82.0,22.3,9.4,3.4,1.2,0.4,0.2,0.449,0.376,0.85,17.6,2.4
Isaac Okoro,CLE,SF,2024,69.0,27.3,9.4,3.0,1.9,0.8,0.5,0.49,0.391,0.679,13.9,4.2
Tre Mann,2TM,PG,2024,41.0,24.1,9.3,3.6,4.0,1.2,0.1,0.459,0.373,0.763,18.2,1.2
Tre Mann,OKC,PG,2024,13.0,9.2,3.8,1.8,1.5,0.2,0.0,0.5,0.421,1.0,18.0,0.3
Tre Mann,CHO,PG,2024,28.0,31.0,11.9,4.5,5.2,1.7,0.1,0.453,0.364,0.759,18.2,0.9
Malaki Branham,SAS,PG,2024,75.0,21.3,9.2,2.0,2.1,0.4,0.1,0.432,0.347,0.873,19.8,-0.3
Andrew Nembhard,IND,PG,2024,68.0,25.0,9.2,2.1,4.1,0.9,0.1,0.498,0.357,0.804,16.0,2.0
Chris Paul,GSW,PG,2024,58.0,26.4,9.2,3.9,6.8,1.2,0.1,0.441,0.371,0.827,15.6,4.3
Brandin Podziemski,GSW,SG,2024,74.0,26.6,9.2,5.8,3.7,0.8,0.2,0.454,0.385,0.633,15.4,4.1
Duop Reath,POR,C,2024,68.0,17.9,9.1,3.7,1.0,0.5,0.6,0.461,0.359,0.742,20.7,2.4
Sam Hauser,BOS,SF,2024,79.0,22.0,9.0,3.5,1.0,0.5,0.3,0.446,0.424,0.895,15.0,4.9
Taurean Prince,LAL,PF,2024,78.0,27.0,8.9,2.9,1.5,0.7,0.4,0.442,0.396,0.735,13.8,1.9
Jabari Walker,POR,PF,2024,72.0,23.6,8.9,7.1,1.0,0.6,0.3,0.46,0.295,0.754,16.3,2.9
Dereck Lively II,DAL,C,2024,55.0,23.5,8.8,6.9,1.1,0.7,1.4,0.747,0.0,0.506,12.6,4.9
Kevin Love,MIA,PF,2024,55.0,16.8,8.8,6.1,2.1,0.3,0.2,0.44,0.344,0.787,21.9,3.3
Terance Mann,LAC,SG,2024,75.0,25.0,8.8,3.4,1.6,0.6,0.2,0.515,0.348,0.832,13.6,4.2
Ausar Thompson,DET,SF,2024,63.0,25.1,8.8,6.4,1.9,1.1,0.9,0.483,0.186,0.597,16.6,1.8
Draymond Green,GSW,PF,2024,55.0,27.1,8.6,7.2,6.0,1.0,0.9,0.497,0.395,0.73,15.3,3.6
Al Horford,BOS,C,2024,65.0,26.8,8.6,6.4,2.6,0.6,1.0,0.511,0.419,0.867,12.0,6.2
Derrick Jones Jr.,DAL,SF,2024,76.0,23.5,8.6,3.3,1.0,0.7,0.7,0.483,0.343,0.713,14.9,3.1
Gradey Dick,TOR,SG,2024,60.0,21.1,8.5,2.2,1.1,0.6,0.0,0.425,0.365,0.863,17.4,0.3
Dorian Finney-Smith,BRK,PF,2024,68.0,28.4,8.5,4.7,1.6,0.8,0.6,0.421,0.348,0.717,13.2,2.6
Tristan Vukcevic,WAS,C,2024,10.0,15.3,8.5,3.6,1.3,0.5,0.7,0.433,0.278,0.773,23.9,0.1
Bilal Coulibaly,WAS,SF,2024,63.0,27.2,8.4,4.1,1.7,0.9,0.8,0.435,0.346,0.702,14.2,0.4
Andre Drummond,CHI,C,2024,79.0,17.1,8.4,9.0,0.5,0.9,0.6,0.556,0.0,0.592,21.3,4.9
Miles McBride,NYK,PG,2024,68.0,19.5,8.3,1.5,1.7,0.7,0.1,0.452,0.41,0.86,16.4,3.6
Marcus Sasser,DET,PG,2024,71.0,19.0,8.3,1.8,3.3,0.6,0.2,0.428,0.375,0.879,19.9,0.9
Josh Green,DAL,SG,2024,57.0,26.4,8.2,3.2,2.3,0.8,0.2,0.479,0.385,0.684,13.1,2.2
Isaiah Joe,OKC,SG,2024,78.0,18.5,8.2,2.3,1.3,0.6,0.3,0.458,0.416,0.865,16.6,3.5
Ziaire Williams,MEM,SF,2024,51.0,20.4,8.2,3.5,1.5,0.7,0.2,0.397,0.307,0.827,19.7,0.2
Kyle Lowry,2TM,PG,2024,60.0,28.2,8.1,3.2,4.2,1.0,0.4,0.432,0.392,0.84,12.9,3.5
Kyle Lowry,MIA,PG,2024,37.0,28.0,8.2,3.5,4.0,1.1,0.4,0.426,0.385,0.833,13.5,2.2
Kyle Lowry,PHI,PG,2024,23.0,28.4,8.0,2.8,4.6,0.9,0.3,0.444,0.404,0.848,12.0,1.4
Walker Kessler,UTA,C,2024,64.0,23.3,8.1,7.5,0.9,0.5,2.4,0.654,0.211,0.602,12.8,4.1
Moses Moody,GSW,SG,2024,66.0,17.5,8.1,3.0,0.9,0.6,0.4,0.462,0.36,0.785,18.4,2.4
Nickeil Alexander-Walker,MIN,SG,2024,82.0,23.4,8.0,2.0,2.5,0.8,0.5,0.439,0.391,0.8,14.8,4.3
Sam Merrill,CLE,SG,2024,61.0,17.5,8.0,2.0,1.8,0.3,0.1,0.402,0.404,0.929,17.5,2.8
Derrick Rose,MEM,PG,2024,24.0,16.6,8.0,1.9,3.3,0.3,0.1,0.461,0.366,0.889,22.3,0.4
Dario Šarić,GSW,C,2024,64.0,17.2,8.0,4.4,2.3,0.5,0.2,0.466,0.376,0.849,19.5,2.8
Trayce Jackson-Davis,GSW,PF,2024,68.0,16.6,7.9,5.0,1.2,0.4,1.1,0.702,0.0,0.561,16.4,4.8
Dante Exum,DAL,PG,2024,55.0,19.8,7.8,2.7,2.9,0.4,0.1,0.533,0.491,0.779,15.0,2.9
Markelle Fultz,ORL,PG,2024,43.0,21.2,7.8,3.2,2.8,1.0,0.3,0.472,0.222,0.697,18.8,1.3
Isaiah Hartenstein,NYK,C,2024,75.0,25.3,7.8,8.3,2.5,1.2,1.1,0.644,0.333,0.707,12.0,8.1
Jordan Hawkins,NOP,SG,2024,67.0,17.3,7.8,2.2,1.0,0.3,0.1,0.382,0.366,0.838,19.9,1.3
Royce O'Neale,2TM,SF,2024,79.0,24.7,7.7,4.8,2.8,0.7,0.6,0.397,0.37,0.686,13.9,3.4
Royce O'Neale,BRK,SF,2024,49.0,24.5,7.4,4.5,2.8,0.7,0.6,0.388,0.366,0.682,13.9,1.8
Royce O'Neale,PHO,SF,2024,30.0,25.1,8.1,5.2,2.7,0.9,0.5,0.411,0.376,0.692,13.9,1.7
RaiQuan Gray,SAS,PF,2024,3.0,13.0,7.7,2.3,2.0,0.3,0.3,0.588,0.429,0.0,19.5,0.2
Nikola Jović,MIA,PF,2024,46.0,19.5,7.7,4.2,2.0,0.5,0.3,0.452,0.399,0.702,17.1,1.9
Precious Achiuwa,2TM,C,2024,74.0,21.9,7.6,6.6,1.3,0.6,0.9,0.501,0.268,0.616,15.9,3.4
Precious Achiuwa,TOR,C,2024,25.0,17.5,7.7,5.4,1.8,0.6,0.5,0.459,0.277,0.571,21.2,0.4
Precious Achiuwa,NYK,PF,2024,49.0,24.2,7.6,7.2,1.1,0.6,1.1,0.525,0.26,0.643,14.0,3.0
Toumani Camara,POR,PF,2024,70.0,24.8,7.5,4.9,1.2,0.9,0.5,0.45,0.337,0.758,13.8,2.0
Cody Martin,CHO,SF,2024,28.0,26.9,7.5,3.9,3.7,1.1,0.6,0.381,0.314,0.606,16.1,-0.2
Brice Sensabaugh,UTA,SF,2024,32.0,18.3,7.5,3.2,1.7,0.4,0.2,0.39,0.296,0.902,20.3,-0.3
Cameron Payne,2TM,PG,2024,78.0,16.7,7.4,1.5,2.6,0.5,0.1,0.432,0.39,0.866,19.1,2.4
Cameron Payne,MIL,PG,2024,47.0,14.9,6.2,1.3,2.3,0.5,0.1,0.455,0.397,0.841,16.7,1.6
Cameron Payne,PHI,PG,2024,31.0,19.4,9.3,1.8,3.1,0.6,0.3,0.413,0.382,0.913,21.8,0.8
Christian Braun,DEN,SG,2024,82.0,20.2,7.3,3.7,1.6,0.5,0.4,0.46,0.384,0.694,15.7,3.4
Jaden Hardy,DAL,SG,2024,73.0,13.5,7.3,1.8,1.5,0.3,0.1,0.407,0.362,0.776,24.9,0.3
Taylor Hendricks,UTA,PF,2024,40.0,21.4,7.3,4.6,0.8,0.7,0.8,0.45,0.379,0.793,13.7,1.2
Paul Reed,PHI,C,2024,82.0,19.4,7.3,6.0,1.3,0.8,1.0,0.54,0.368,0.718,15.9,5.1
Lamar Stevens,2TM,PF,2024,38.0,14.7,7.2,3.3,0.7,0.6,0.6,0.45,0.304,0.778,22.2,0.8
Lamar Stevens,BOS,PF,2024,19.0,6.4,2.8,1.6,0.4,0.3,0.3,0.467,0.375,0.727,21.0,0.2
Lamar Stevens,MEM,PF,2024,19.0,23.0,11.5,5.1,1.1,0.9,0.9,0.446,0.289,0.791,22.5,0.6
Johnny Juzang,UTA,SG,2024,20.0,18.6,7.2,1.8,1.2,0.2,0.1,0.464,0.416,0.714,14.5,0.4
Kevin Knox,DET,SF,2024,31.0,18.1,7.2,2.4,0.7,0.4,0.2,0.462,0.33,0.909,16.6,0.4
Trey Lyles,SAC,PF,2024,58.0,20.0,7.2,4.4,1.2,0.3,0.3,0.445,0.384,0.7,14.4,2.4
Jose Alvarado,NOP,PG,2024,56.0,18.4,7.1,2.3,2.1,1.1,0.3,0.412,0.377,0.673,17.3,2.1
Naji Marshall,NOP,SF,2024,66.0,19.0,7.1,3.6,1.9,0.7,0.2,0.463,0.387,0.791,16.3,2.6
Landry Shamet,WAS,SG,2024,46.0,15.8,7.1,1.3,1.2,0.5,0.2,0.431,0.338,0.826,18.8,0.3
James Wiseman,DET,C,2024,63.0,17.3,7.1,5.3,0.9,0.2,0.6,0.613,0.0,0.706,16.3,2.1
Vasilije Micić,2TM,PG,2024,60.0,19.6,7.0,1.5,4.4,0.5,0.1,0.43,0.279,0.813,18.8,0.4
Vasilije Micić,OKC,PG,2024,30.0,12.0,3.3,0.8,2.5,0.3,0.1,0.407,0.244,0.737,15.4,0.2
Vasilije Micić,CHO,PG,2024,30.0,27.2,10.8,2.1,6.2,0.7,0.1,0.437,0.294,0.839,20.3,0.2
Jordan Nwora,2TM,SF,2024,52.0,13.7,7.0,2.9,1.2,0.5,0.3,0.462,0.336,0.83,22.4,0.5
Jordan Nwora,IND,SF,2024,18.0,10.2,5.2,1.8,1.0,0.3,0.1,0.451,0.306,0.818,22.6,0.1
Jordan Nwora,TOR,SF,2024,34.0,15.6,7.9,3.4,1.3,0.6,0.4,0.465,0.347,0.833,22.3,0.4
Quentin Grimes,2TM,SG,2024,51.0,20.1,7.0,2.0,1.3,0.7,0.1,0.372,0.338,0.756,15.8,1.3
Quentin Grimes,NYK,SG,2024,45.0,20.2,7.3,2.0,1.2,0.7,0.1,0.395,0.363,0.706,15.3,1.5
Quentin Grimes,DET,SG,2024,6.0,19.2,5.3,2.0,2.3,0.8,0.7,0.214,0.143,0.909,20.0,-0.3
Javon Freeman-Liberty,TOR,PG,2024,22.0,18.3,7.0,3.2,1.8,0.5,0.2,0.444,0.238,0.917,17.5,0.2
Evan Fournier,2TM,SG,2024,32.0,18.1,6.9,1.8,1.5,0.9,0.2,0.357,0.254,0.806,19.0,-0.1
Evan Fournier,NYK,SG,2024,3.0,13.0,4.0,1.3,1.0,1.3,0.0,0.2,0.133,1.0,24.2,-0.1
Evan Fournier,DET,SG,2024,29.0,18.7,7.2,1.9,1.6,0.9,0.2,0.373,0.27,0.794,18.6,0.0
Gary Harris,ORL,SG,2024,54.0,24.0,6.9,1.7,1.6,0.9,0.3,0.441,0.371,0.756,11.7,2.7
Killian Hayes,DET,PG,2024,42.0,24.0,6.9,2.8,4.9,0.9,0.5,0.413,0.297,0.66,15.1,0.7
Bones Hyland,LAC,PG,2024,37.0,14.6,6.9,1.5,2.5,0.7,0.1,0.386,0.326,0.783,24.8,0.0
Mãozinha Pereira,MEM,SF,2024,7.0,17.4,6.9,5.3,0.3,0.9,0.6,0.514,0.385,0.7,15.6,0.3
Trendon Watford,BRK,PF,2024,63.0,13.6,6.9,3.1,1.3,0.4,0.3,0.527,0.397,0.794,21.1,1.8
Aaron Wiggins,OKC,SG,2024,78.0,15.7,6.9,2.4,1.1,0.7,0.2,0.562,0.492,0.789,16.4,3.7
Christian Wood,LAL,PF,2024,50.0,17.4,6.9,5.1,1.0,0.3,0.7,0.466,0.307,0.702,17.6,1.2
Trey Jemison,2TM,C,2024,25.0,22.9,6.8,5.4,1.1,0.5,1.1,0.551,0.0,0.84,13.5,0.9
Trey Jemison,WAS,C,2024,2.0,0.5,0.0,0.5,0.0,0.0,0.0,0.0,0.0,0.0,42.1,0.0
Trey Jemison,MEM,C,2024,23.0,24.9,7.4,5.8,1.2,0.5,1.2,0.551,0.0,0.84,13.5,0.9
Julian Champagnie,SAS,SF,2024,74.0,19.8,6.8,2.8,1.4,0.6,0.6,0.408,0.365,0.815,14.4,1.8
Jonathan Isaac,ORL,PF,2024,58.0,15.8,6.8,4.5,0.5,0.7,1.2,0.51,0.375,0.72,16.7,3.6
Cedi Osman,SAS,SF,2024,72.0,17.6,6.8,2.5,1.7,0.5,0.2,0.479,0.389,0.673,15.1,1.9
Day'Ron Sharpe,BRK,C,2024,61.0,15.1,6.8,6.4,1.4,0.4,0.7,0.571,0.267,0.61,19.7,2.9
Cason Wallace,OKC,SG,2024,82.0,20.6,6.8,2.3,1.5,0.9,0.5,0.491,0.419,0.784,12.9,4.0
Robert Williams,POR,C,2024,6.0,19.8,6.8,6.3,0.8,1.2,1.2,0.654,0.0,0.778,13.2,0.4
Dāvis Bertāns,2TM,PF,2024,43.0,15.7,6.7,1.4,0.8,0.6,0.3,0.393,0.38,0.909,17.4,0.9
Dāvis Bertāns,OKC,PF,2024,15.0,6.1,2.9,0.7,0.6,0.2,0.2,0.385,0.417,0.933,16.0,0.4
Dāvis Bertāns,CHO,PF,2024,28.0,20.8,8.8,1.8,0.9,0.8,0.3,0.394,0.375,0.889,17.7,0.4
Jahmi'us Ramsey,TOR,SG,2024,7.0,17.3,6.7,3.1,1.1,1.0,0.0,0.439,0.273,0.833,17.9,0.1
Peyton Watson,DEN,SF,2024,80.0,18.6,6.7,3.2,1.1,0.5,1.1,0.465,0.296,0.67,16.2,2.5
Amir Coffey,LAC,SF,2024,70.0,20.9,6.6,2.1,1.1,0.6,0.2,0.472,0.38,0.859,12.5,2.6
Aaron Holiday,HOU,PG,2024,78.0,16.3,6.6,1.6,1.8,0.5,0.1,0.446,0.387,0.921,16.7,2.5
Dennis Smith Jr.,BRK,PG,2024,56.0,18.9,6.6,2.9,3.6,1.2,0.2,0.435,0.294,0.741,17.7,1.8
Chimezie Metu,2TM,C,2024,51.0,16.8,6.5,3.8,0.9,0.8,0.3,0.504,0.298,0.906,16.2,1.5
Chimezie Metu,PHO,C,2024,37.0,12.1,5.0,3.0,0.5,0.5,0.2,0.508,0.294,0.884,17.0,1.0
Chimezie Metu,DET,C,2024,14.0,29.4,10.5,6.0,1.9,1.7,0.5,0.5,0.302,0.952,15.4,0.5
Jordan Goodwin,2TM,PG,2024,57.0,18.5,6.5,4.4,2.7,0.8,0.3,0.369,0.298,0.746,19.0,1.2
Jordan Goodwin,PHO,PG,2024,40.0,14.0,5.0,2.9,2.0,0.6,0.2,0.389,0.288,0.862,18.2,0.8
Jordan Goodwin,MEM,PG,2024,17.0,29.2,10.0,8.0,4.5,1.5,0.5,0.349,0.311,0.633,19.8,0.4
David Roddy,2TM,PF,2024,65.0,18.1,6.5,3.2,1.2,0.4,0.2,0.403,0.293,0.691,18.1,0.1
David Roddy,MEM,PF,2024,48.0,23.2,8.4,4.2,1.6,0.5,0.2,0.402,0.301,0.687,18.1,0.1
David Roddy,PHO,PF,2024,17.0,3.7,1.3,0.6,0.2,0.1,0.0,0.435,0.125,1.0,18.2,0.0
David Duke Jr.,SAS,SG,2024,4.0,12.8,6.5,2.5,1.3,0.5,0.0,0.556,0.5,1.0,18.5,0.1
Jeff Green,HOU,PF,2024,78.0,16.8,6.5,2.3,0.9,0.2,0.4,0.456,0.331,0.819,15.5,2.6
Isaiah Jackson,IND,C,2024,59.0,13.1,6.5,4.0,0.8,0.6,1.0,0.665,0.0,0.716,17.2,3.3
Marcus Morris,2TM,PF,2024,49.0,16.7,6.4,2.7,0.7,0.3,0.3,0.439,0.403,0.818,16.6,1.0
Marcus Morris,PHI,PF,2024,37.0,17.2,6.7,2.9,0.7,0.4,0.3,0.439,0.4,0.861,16.3,1.0
Marcus Morris,CLE,PF,2024,12.0,15.0,5.8,2.1,0.8,0.2,0.2,0.441,0.414,0.625,18.0,0.1
Kyle Anderson,MIN,PF,2024,79.0,22.6,6.4,3.5,4.2,0.9,0.6,0.46,0.229,0.708,14.5,4.5
Chris Boucher,TOR,PF,2024,50.0,14.1,6.4,4.1,0.5,0.3,0.5,0.507,0.33,0.772,17.3,1.7
Jared Butler,WAS,SG,2024,40.0,14.2,6.3,1.5,3.2,0.7,0.2,0.488,0.308,0.861,19.9,0.6
Bruno Fernando,ATL,C,2024,45.0,15.2,6.3,4.3,1.0,0.6,0.6,0.583,0.0,0.667,16.7,1.5
Daniel Theis,2TM,C,2024,60.0,16.9,6.3,4.1,1.0,0.4,0.9,0.532,0.366,0.76,15.4,2.5
Daniel Theis,IND,C,2024,1.0,8.0,2.0,0.0,0.0,0.0,0.0,0.25,0.0,0.0,21.0,0.0
Daniel Theis,LAC,C,2024,59.0,17.1,6.3,4.1,1.0,0.4,0.9,0.536,0.371,0.76,15.4,2.6
Jaylen Nowell,2TM,SG,2024,13.0,16.5,6.2,1.8,1.5,0.3,0.2,0.436,0.207,0.778,17.8,0.1
Jaylen Nowell,MEM,SG,2024,9.0,17.3,5.7,1.6,1.8,0.3,0.0,0.4,0.174,1.0,16.9,0.0
Jaylen Nowell,DET,SG,2024,4.0,14.5,7.5,2.5,0.8,0.3,0.5,0.522,0.333,0.667,20.3,0.1
Patrick Beverley,2TM,PG,2024,73.0,20.0,6.2,3.3,2.9,0.6,0.4,0.417,0.337,0.822,14.3,2.7
Patrick Beverley,PHI,PG,2024,47.0,19.6,6.3,3.1,3.1,0.5,0.4,0.432,0.321,0.81,14.9,1.7
Patrick Beverley,MIL,PG,2024,26.0,20.9,6.0,3.6,2.6,0.7,0.5,0.391,0.361,0.852,13.2,1.1
Jae Crowder,MIL,PF,2024,50.0,23.1,6.2,3.2,1.3,0.8,0.2,0.422,0.349,0.722,11.5,1.6
Keon Johnson,BRK,SG,2024,5.0,12.2,6.2,1.4,0.6,0.6,0.2,0.381,0.4,0.917,22.2,0.1
Haywood Highsmith,MIA,PF,2024,66.0,20.7,6.1,3.2,1.1,0.8,0.5,0.465,0.396,0.639,12.4,3.1
Vit Krejci,ATL,PG,2024,22.0,24.6,6.1,2.4,2.3,0.6,0.3,0.49,0.412,0.833,9.8,0.6
Kris Murray,POR,SF,2024,62.0,21.7,6.1,3.6,1.3,0.9,0.3,0.396,0.268,0.661,14.1,0.7
Ben Simmons,BRK,PG,2024,15.0,23.9,6.1,7.9,5.7,0.8,0.6,0.581,0.0,0.4,13.0,1.0
Zavier Simpson,MEM,PG,2024,7.0,23.0,6.0,2.9,3.6,1.0,0.4,0.315,0.294,0.75,17.5,-0.2
Tosan Evbuomwan,2TM,SF,2024,17.0,21.6,5.9,3.5,0.9,0.4,0.3,0.507,0.375,0.68,10.6,0.5
Tosan Evbuomwan,MEM,SF,2024,4.0,18.5,2.5,3.5,1.5,0.0,0.3,0.267,0.25,0.0,9.3,0.0
Tosan Evbuomwan,DET,SF,2024,13.0,22.5,7.0,3.5,0.8,0.5,0.3,0.571,0.417,0.68,10.9,0.5
Justin Champagnie,WAS,SF,2024,15.0,15.7,5.9,3.5,1.3,0.7,0.6,0.41,0.289,0.8,17.0,0.3
Nick Smith Jr.,CHO,SG,2024,51.0,14.3,5.9,1.4,1.2,0.2,0.1,0.391,0.432,0.867,20.3,-0.5
Ochai Agbaji,2TM,SG,2024,78.0,21.0,5.8,2.8,1.1,0.6,0.6,0.411,0.294,0.661,13.4,0.1
Ochai Agbaji,UTA,SG,2024,51.0,19.7,5.4,2.5,0.9,0.5,0.6,0.426,0.331,0.75,12.2,0.4
Ochai Agbaji,TOR,SG,2024,27.0,23.6,6.7,3.3,1.3,0.7,0.6,0.391,0.217,0.611,15.4,-0.3
Noah Clowney,BRK,PF,2024,23.0,16.1,5.8,3.5,0.8,0.3,0.7,0.538,0.364,0.7,14.2,0.9
Dyson Daniels,NOP,PG,2024,61.0,22.3,5.8,3.9,2.7,1.4,0.4,0.447,0.311,0.642,12.6,2.9
Danilo Gallinari,3TM,SF,2024,49.0,12.9,5.7,2.2,1.1,0.3,0.1,0.437,0.323,0.857,17.2,1.3
Danilo Gallinari,WAS,PF,2024,26.0,14.8,7.0,2.9,1.2,0.2,0.1,0.435,0.313,0.839,18.3,0.6
Danilo Gallinari,DET,SF,2024,6.0,15.0,8.7,2.3,2.0,0.3,0.3,0.545,0.583,0.875,15.9,0.6
Danilo Gallinari,MIL,SF,2024,17.0,9.1,2.8,1.1,0.7,0.4,0.1,0.378,0.176,0.889,15.3,0.1
Thomas Bryant,MIA,C,2024,38.0,11.6,5.7,3.7,0.6,0.3,0.4,0.577,0.182,0.872,19.3,1.6
Torrey Craig,CHI,SF,2024,53.0,19.8,5.7,4.1,1.1,0.6,0.4,0.43,0.392,0.75,12.5,1.9
Larry Nance Jr.,NOP,C,2024,61.0,19.9,5.7,5.0,1.9,1.0,0.3,0.573,0.415,0.77,11.3,4.1
Pat Connaughton,MIL,SF,2024,76.0,22.1,5.6,3.1,2.1,0.5,0.3,0.435,0.345,0.759,10.9,2.8
Craig Porter Jr.,CLE,PG,2024,51.0,12.7,5.6,2.1,2.3,0.4,0.3,0.509,0.353,0.732,20.2,1.5
Mitchell Robinson,NYK,C,2024,31.0,24.8,5.6,8.5,0.6,1.2,1.1,0.575,0.0,0.409,10.2,2.5
Malachi Flynn,3TM,PG,2024,69.0,12.7,5.5,1.7,1.9,0.6,0.1,0.418,0.331,0.732,20.4,0.5
Malachi Flynn,TOR,PG,2024,31.0,15.3,5.1,2.1,2.4,0.6,0.2,0.409,0.35,0.773,16.2,0.2
Malachi Flynn,NYK,PG,2024,14.0,4.3,2.2,0.4,0.4,0.1,0.0,0.391,0.308,0.818,22.2,0.1
Malachi Flynn,DET,PG,2024,24.0,14.3,8.0,1.8,2.1,0.8,0.1,0.43,0.316,0.684,26.0,0.2
Doug McDermott,2TM,SF,2024,64.0,14.1,5.5,0.9,1.1,0.3,0.0,0.433,0.41,0.579,14.9,0.9
Doug McDermott,SAS,SF,2024,46.0,15.2,6.0,1.0,1.2,0.2,0.0,0.442,0.439,0.588,14.9,0.8
Doug McDermott,IND,SF,2024,18.0,11.3,4.2,0.6,0.7,0.3,0.0,0.406,0.321,0.5,15.2,0.1
Dexter Dennis,DAL,SG,2024,4.0,7.5,5.5,2.3,1.0,0.0,0.3,0.526,0.125,0.333,33.3,0.0
Gary Payton II,GSW,SG,2024,44.0,15.5,5.5,2.6,1.1,0.9,0.4,0.563,0.364,0.609,13.6,1.8
Neemias Queta,BOS,C,2024,28.0,11.9,5.5,4.4,0.7,0.5,0.8,0.644,0.0,0.714,16.9,1.8
Ricky Council IV,PHI,SG,2024,32.0,9.0,5.4,1.4,0.5,0.3,0.0,0.482,0.375,0.746,22.1,1.0
Kris Dunn,UTA,PG,2024,66.0,18.9,5.4,2.9,3.8,1.0,0.4,0.47,0.369,0.688,13.6,2.0
Keon Ellis,SAC,SG,2024,57.0,17.2,5.4,2.2,1.5,0.9,0.5,0.461,0.417,0.743,12.4,2.3
Cam Reddish,LAL,SF,2024,48.0,20.5,5.4,2.1,1.0,1.0,0.3,0.389,0.336,0.759,12.7,0.6
Matt Ryan,NOP,SF,2024,28.0,13.9,5.4,1.4,0.6,0.2,0.0,0.434,0.451,0.929,15.4,0.5
Matisse Thybulle,POR,SF,2024,65.0,22.9,5.4,2.1,1.4,1.7,0.8,0.397,0.346,0.759,10.6,2.2
Sasha Vezenkov,SAC,PF,2024,42.0,12.2,5.4,2.3,0.5,0.5,0.2,0.44,0.375,0.8,17.5,1.0
Dean Wade,CLE,PF,2024,54.0,20.5,5.4,4.0,0.8,0.7,0.5,0.414,0.391,0.769,10.5,2.5
Darius Bazley,2TM,PF,2024,9.0,16.9,5.3,3.1,0.8,0.7,0.8,0.6,0.25,0.833,11.9,0.3
Darius Bazley,PHI,PF,2024,3.0,3.3,0.0,0.3,0.7,0.0,0.0,0.0,0.0,0.0,8.6,0.0
Darius Bazley,UTA,PF,2024,6.0,23.7,8.0,4.5,0.8,1.0,1.2,0.621,0.25,0.833,12.2,0.3
Xavier Tillman Sr.,2TM,PF,2024,54.0,18.0,5.3,3.9,1.4,0.9,0.8,0.434,0.247,0.44,14.8,1.4
Xavier Tillman Sr.,MEM,C,2024,34.0,20.6,6.0,4.6,1.7,1.2,1.0,0.408,0.226,0.419,16.0,0.6
Xavier Tillman Sr.,BOS,PF,2024,20.0,13.7,4.0,2.7,1.0,0.5,0.5,0.515,0.286,0.571,11.8,0.8
Nicolas Batum,2TM,PF,2024,60.0,25.5,5.3,4.1,2.1,0.8,0.6,0.453,0.395,0.714,8.6,3.3
Nicolas Batum,LAC,PF,2024,3.0,18.0,2.7,2.3,1.7,1.0,1.3,0.375,0.286,0.0,7.3,0.1
Nicolas Batum,PHI,PF,2024,57.0,25.9,5.5,4.2,2.2,0.8,0.6,0.456,0.399,0.714,8.7,3.2
Luke Kornet,BOS,C,2024,63.0,15.6,5.3,4.1,1.1,0.4,1.0,0.7,1.0,0.907,11.0,5.1
Davion Mitchell,SAC,PG,2024,72.0,15.3,5.3,1.3,1.9,0.2,0.0,0.452,0.361,0.714,14.9,1.3
Mason Plumlee,LAC,C,2024,46.0,14.7,5.3,5.1,1.2,0.3,0.4,0.569,0.0,0.707,15.1,2.0
Stanley Umude,DET,SG,2024,24.0,12.8,5.3,2.1,0.5,0.3,0.3,0.44,0.453,0.906,15.6,0.5
Aleksej Pokusevski,2TM,PF,2024,28.0,14.5,5.2,3.2,1.3,0.5,0.5,0.405,0.327,0.732,17.2,0.4
Aleksej Pokusevski,OKC,PF,2024,10.0,6.0,1.2,1.0,0.5,0.1,0.1,0.25,0.182,0.5,15.0,-0.1
Aleksej Pokusevski,CHO,PF,2024,18.0,19.2,7.4,4.4,1.7,0.8,0.7,0.429,0.364,0.757,17.6,0.5
Bol Bol,PHO,PF,2024,43.0,10.9,5.2,3.2,0.4,0.2,0.6,0.616,0.423,0.789,16.5,1.6
Brandon Boston Jr.,LAC,SF,2024,32.0,10.8,5.2,1.6,0.4,0.3,0.3,0.404,0.269,0.697,25.4,-0.3
Jarred Vanderbilt,LAL,PF,2024,29.0,20.0,5.2,4.8,1.2,1.2,0.2,0.518,0.296,0.667,11.7,1.1
Seth Curry,2TM,SG,2024,44.0,14.0,5.1,1.5,1.0,0.5,0.1,0.392,0.352,0.903,16.8,0.5
Seth Curry,DAL,SG,2024,36.0,12.7,4.3,1.4,0.8,0.5,0.1,0.372,0.363,0.895,15.9,0.3
Seth Curry,CHO,SG,2024,8.0,19.9,9.0,2.0,1.8,0.6,0.4,0.441,0.321,0.917,19.3,0.2
Drew Eubanks,PHO,C,2024,75.0,15.6,5.1,4.3,0.8,0.4,0.8,0.601,1.0,0.774,13.2,3.1
Bryce McGowens,CHO,SG,2024,59.0,14.9,5.1,1.7,0.9,0.4,0.2,0.439,0.333,0.776,14.9,0.6
Richaun Holmes,2TM,C,2024,40.0,13.9,5.0,4.6,0.6,0.3,0.5,0.558,0.333,0.723,14.7,1.3
Richaun Holmes,DAL,C,2024,23.0,10.3,3.4,3.4,0.7,0.1,0.4,0.559,0.0,0.571,14.5,0.6
Richaun Holmes,WAS,PF,2024,17.0,18.7,7.1,6.1,0.6,0.5,0.6,0.557,0.333,0.846,14.8,0.7
Monte Morris,2TM,PG,2024,33.0,14.4,5.0,1.7,2.1,0.6,0.3,0.405,0.386,0.684,15.5,1.2
Monte Morris,DET,PG,2024,6.0,11.3,4.5,2.0,1.3,0.2,0.2,0.364,0.182,0.5,22.5,-0.1
Monte Morris,MIN,PG,2024,27.0,15.1,5.1,1.7,2.3,0.7,0.3,0.417,0.424,0.706,14.3,1.3
Goga Bitadze,ORL,C,2024,62.0,15.4,5.0,4.6,1.3,0.5,1.2,0.603,0.143,0.655,13.3,3.7
Jevon Carter,CHI,PG,2024,72.0,13.9,5.0,0.8,1.3,0.5,0.2,0.378,0.329,0.571,17.7,0.2
Devonte' Graham,SAS,PG,2024,23.0,13.6,5.0,1.6,2.1,0.4,0.1,0.352,0.301,0.813,17.8,0.1
Isaiah Livers,DET,PF,2024,23.0,20.4,5.0,2.1,1.1,0.6,0.2,0.345,0.286,0.667,12.7,-0.1
Kobi Simmons,TOR,PG,2024,4.0,16.8,5.0,1.8,3.0,1.5,0.5,0.429,0.25,0.0,14.0,0.1
D.J. Wilson,PHI,PF,2024,2.0,7.5,5.0,1.0,1.0,0.0,1.0,0.667,1.0,0.0,17.3,0.1
Jalen Wilson,BRK,PF,2024,43.0,15.4,5.0,3.0,1.0,0.3,0.1,0.425,0.324,0.826,14.3,1.1
Jock Landale,HOU,C,2024,56.0,13.6,4.9,3.1,1.2,0.4,0.6,0.515,0.25,0.8,14.8,2.3
Garrison Mathews,ATL,SG,2024,66.0,15.0,4.9,1.4,0.6,0.3,0.1,0.456,0.44,0.81,11.1,1.6
Jared Rhoden,DET,SG,2024,17.0,14.4,4.9,1.9,0.8,0.2,0.8,0.5,0.387,0.625,13.3,0.3
Kobe Bufkin,ATL,SG,2024,17.0,11.5,4.8,1.9,1.6,0.4,0.3,0.37,0.225,0.5,22.4,-0.1
DeJon Jarreau,MEM,SG,2024,9.0,16.7,4.8,4.9,2.9,0.7,0.2,0.34,0.308,0.455,18.3,0.0
Eugene Omoruyi,WAS,SF,2024,43.0,9.1,4.8,2.0,0.8,0.6,0.1,0.485,0.283,0.653,22.5,0.6
Kenrich Williams,OKC,PF,2024,69.0,14.9,4.7,3.0,1.3,0.6,0.1,0.468,0.397,0.5,13.4,2.5
Kenneth Lofton Jr.,3TM,PF,2024,21.0,9.5,4.6,1.8,1.6,0.3,0.2,0.462,0.292,0.654,22.1,0.3
Kenneth Lofton Jr.,MEM,PF,2024,15.0,6.6,2.6,1.0,0.9,0.2,0.2,0.378,0.3,0.533,21.5,0.0
Kenneth Lofton Jr.,PHI,PF,2024,2.0,4.5,1.0,1.5,0.0,0.0,0.0,0.167,0.0,0.0,38.4,-0.1
Kenneth Lofton Jr.,UTA,PF,2024,4.0,22.8,13.8,5.0,4.8,0.8,0.5,0.6,0.333,0.818,21.1,0.4
Anthony Black,ORL,PG,2024,69.0,16.9,4.6,2.0,1.3,0.5,0.3,0.466,0.394,0.613,12.7,1.6
Josh Okogie,PHO,SG,2024,60.0,16.0,4.6,2.6,1.1,0.8,0.4,0.417,0.309,0.745,13.0,2.1
Omer Yurtseven,UTA,C,2024,48.0,11.4,4.6,4.3,0.6,0.2,0.4,0.538,0.208,0.679,17.9,0.7
Shake Milton,3TM,SG,2024,48.0,12.1,4.5,1.6,1.3,0.4,0.1,0.405,0.281,0.816,18.7,0.6
Shake Milton,MIN,SG,2024,38.0,12.9,4.7,1.3,1.3,0.4,0.1,0.4,0.264,0.818,18.7,0.4
Shake Milton,DET,SG,2024,4.0,15.8,6.8,4.5,1.5,0.5,0.3,0.423,0.333,0.667,20.5,0.1
Shake Milton,NYK,SG,2024,6.0,4.5,1.8,1.0,0.7,0.2,0.0,0.444,0.5,1.0,15.8,0.1
Delon Wright,2TM,PG,2024,47.0,15.8,4.5,1.8,2.5,1.1,0.2,0.394,0.368,0.822,12.8,1.7
Delon Wright,WAS,PG,2024,33.0,13.8,4.1,1.8,2.5,1.1,0.2,0.393,0.368,0.828,13.5,0.9
Delon Wright,MIA,PG,2024,14.0,20.4,5.4,1.9,2.6,1.4,0.2,0.394,0.367,0.813,11.9,0.8
A.J. Green,MIL,SG,2024,56.0,11.0,4.5,1.1,0.5,0.2,0.1,0.423,0.408,0.895,15.2,1.1
Kevon Looney,GSW,C,2024,74.0,16.1,4.5,5.7,1.8,0.4,0.4,0.597,0.0,0.675,11.3,4.0
Taze Moore,POR,SG,2024,4.0,10.0,4.5,2.0,1.3,0.5,0.0,0.421,0.143,0.5,24.3,0.0
Julian Strawther,DEN,SF,2024,50.0,10.9,4.5,1.2,0.9,0.3,0.1,0.369,0.297,0.71,20.7,0.2
Bismack Biyombo,2TM,C,2024,40.0,19.8,4.4,5.2,1.3,0.3,0.9,0.565,0.0,0.481,10.7,1.1
Bismack Biyombo,MEM,C,2024,30.0,23.9,5.2,6.4,1.7,0.3,1.1,0.563,0.0,0.478,10.6,1.0
Bismack Biyombo,OKC,C,2024,10.0,7.3,1.8,1.8,0.2,0.1,0.3,0.583,0.0,0.5,11.6,0.1
Robert Covington,2TM,SF,2024,29.0,16.8,4.4,3.3,0.8,1.3,0.6,0.439,0.339,0.846,10.7,1.5
Robert Covington,LAC,PF,2024,3.0,23.0,3.0,2.7,2.3,2.0,0.7,0.333,0.25,0.5,6.3,0.2
Robert Covington,PHI,SF,2024,26.0,16.1,4.5,3.4,0.7,1.3,0.6,0.449,0.354,0.875,11.4,1.3
Patrick Baldwin Jr.,WAS,SF,2024,38.0,13.0,4.4,3.2,0.8,0.5,0.4,0.381,0.32,0.679,15.9,0.2
Mo Bamba,PHI,C,2024,57.0,13.0,4.4,4.2,0.7,0.4,1.1,0.49,0.391,0.68,15.1,2.0
Dominick Barlow,SAS,PF,2024,33.0,12.7,4.4,3.4,1.1,0.4,0.4,0.496,0.333,0.69,14.1,1.1
MarJon Beauchamp,MIL,SF,2024,48.0,12.7,4.4,2.1,0.6,0.3,0.1,0.488,0.4,0.679,14.6,0.7
Joe Ingles,ORL,SF,2024,68.0,17.2,4.4,2.1,3.0,0.6,0.1,0.436,0.435,0.824,11.6,2.6
Maxi Kleber,DAL,C,2024,43.0,20.3,4.4,3.3,1.6,0.4,0.7,0.432,0.348,0.702,9.6,1.4
Jontay Porter,TOR,PF,2024,26.0,13.8,4.4,3.2,2.3,0.8,0.8,0.385,0.333,0.833,15.8,0.7
Lester Quiñones,GSW,SG,2024,37.0,10.6,4.4,1.9,1.0,0.2,0.1,0.397,0.364,0.69,18.3,0.6
Ben Sheppard,IND,SG,2024,57.0,14.3,4.4,1.6,0.9,0.6,0.0,0.393,0.314,0.885,13.2,0.8
Blake Wesley,SAS,SG,2024,61.0,14.4,4.4,1.5,2.7,0.5,0.1,0.474,0.218,0.667,14.7,0.9
Jeff Dowtin Jr.,PHI,PG,2024,12.0,11.8,4.3,1.7,2.3,0.6,0.1,0.556,0.474,0.75,13.0,0.6
Jaxson Hayes,LAL,C,2024,70.0,12.5,4.3,3.0,0.5,0.5,0.4,0.72,0.0,0.622,12.5,2.5
Caleb Houstan,ORL,SF,2024,59.0,13.8,4.3,1.4,0.5,0.3,0.1,0.388,0.373,0.808,12.5,1.5
John Konchar,MEM,SF,2024,55.0,21.3,4.3,4.7,2.0,0.9,0.9,0.423,0.317,0.84,9.7,2.2
Dru Smith,MIA,SG,2024,9.0,14.6,4.3,1.6,1.6,1.0,0.3,0.455,0.412,1.0,13.2,0.3
Thaddeus Young,2TM,PF,2024,33.0,13.3,4.2,3.1,1.7,0.7,0.2,0.602,0.143,0.4,12.6,1.3
Thaddeus Young,TOR,PF,2024,23.0,15.2,5.0,3.3,2.2,0.8,0.1,0.621,0.167,0.417,12.6,1.0
Thaddeus Young,PHO,PF,2024,10.0,8.9,2.3,2.8,0.7,0.5,0.2,0.524,0.0,0.333,12.8,0.3
Jacob Gilyard,2TM,PG,2024,41.0,17.0,4.2,1.1,3.3,0.8,0.1,0.4,0.405,1.0,11.1,1.4
Jacob Gilyard,MEM,PG,2024,37.0,17.7,4.7,1.2,3.5,0.7,0.1,0.417,0.425,1.0,11.4,1.4
Jacob Gilyard,BRK,PG,2024,4.0,11.3,0.0,0.8,1.5,1.5,0.0,0.0,0.0,0.0,6.7,0.0
Armoni Brooks,BRK,PG,2024,10.0,10.4,4.2,1.8,0.5,0.1,0.1,0.326,0.344,0.5,20.8,0.0
Troy Brown Jr.,2TM,SF,2024,59.0,14.0,4.2,2.4,1.0,0.4,0.1,0.372,0.333,0.865,14.3,0.8
Troy Brown Jr.,MIN,SF,2024,37.0,11.1,4.2,1.9,0.9,0.2,0.1,0.441,0.369,0.864,15.7,1.0
Troy Brown Jr.,DET,SF,2024,22.0,19.0,4.2,3.3,1.1,0.7,0.0,0.296,0.281,0.867,12.9,-0.2
Max Christie,LAL,SG,2024,67.0,14.1,4.2,2.1,0.9,0.3,0.3,0.427,0.356,0.783,13.6,0.7
Ashton Hagans,POR,PG,2024,19.0,16.6,4.2,2.4,2.8,0.6,0.5,0.408,0.32,0.824,14.6,0.0
Danuel House Jr.,PHI,SF,2024,34.0,15.0,4.2,1.7,0.8,0.4,0.1,0.448,0.3,0.761,12.2,0.7
Skylar Mays,2TM,PG,2024,38.0,11.4,4.1,1.1,2.2,0.6,0.1,0.396,0.296,0.765,18.4,0.4
Skylar Mays,POR,PG,2024,21.0,17.0,6.3,1.8,3.6,0.7,0.1,0.384,0.286,0.765,19.5,0.3
Skylar Mays,LAL,SG,2024,17.0,4.5,1.3,0.4,0.6,0.4,0.1,0.476,0.4,0.0,12.9,0.1
Sandro Mamukelashvili,SAS,C,2024,46.0,9.8,4.1,3.2,1.1,0.2,0.3,0.471,0.297,0.735,17.7,1.0
Luka Šamanić,UTA,PF,2024,43.0,9.4,4.1,2.4,0.4,0.1,0.2,0.38,0.203,0.786,21.8,-0.2
Jae'Sean Tate,HOU,SF,2024,65.0,15.9,4.1,3.0,1.0,0.6,0.2,0.472,0.299,0.667,11.7,1.8
Patty Mills,2TM,PG,2024,32.0,13.0,4.0,1.1,1.1,0.6,0.0,0.351,0.276,1.0,15.9,0.1
Patty Mills,ATL,PG,2024,19.0,10.6,2.7,1.1,0.7,0.5,0.1,0.373,0.382,0.0,12.2,0.0
Patty Mills,MIA,PG,2024,13.0,16.4,5.8,1.2,1.5,0.8,0.0,0.338,0.208,1.0,19.4,0.0
Izaiah Brockington,NOP,PG,2024,1.0,3.0,4.0,2.0,0.0,0.0,0.0,0.4,0.0,0.0,72.5,0.0
Ousmane Dieng,OKC,PF,2024,33.0,11.1,4.0,1.5,1.1,0.2,0.2,0.422,0.3,0.875,16.9,0.4
Luka Garza,MIN,C,2024,25.0,4.9,4.0,1.2,0.2,0.2,0.0,0.48,0.281,0.72,33.3,0.4
Mouhamed Gueye,ATL,PF,2024,6.0,12.2,4.0,3.7,0.7,0.8,0.7,0.348,0.333,0.833,15.2,0.2
Justin Holiday,DEN,SG,2024,58.0,14.9,4.0,1.2,1.2,0.6,0.2,0.454,0.404,0.75,10.6,1.8
Matthew Hurt,MEM,PF,2024,8.0,14.1,4.0,2.0,0.5,0.4,0.4,0.353,0.25,1.0,14.2,0.1
JaVale McGee,SAC,C,2024,46.0,7.4,4.0,2.7,0.4,0.3,0.4,0.598,0.143,0.578,23.4,0.7
Svi Mykhailiuk,BOS,SF,2024,41.0,10.1,4.0,1.2,0.9,0.3,0.0,0.416,0.389,0.667,16.1,0.9
Rayan Rupert,POR,SG,2024,39.0,16.2,4.0,2.4,1.6,0.3,0.1,0.335,0.359,0.76,13.6,-0.1
Adama Sanogo,CHI,PF,2024,9.0,7.3,4.0,4.0,0.0,0.1,0.0,0.519,0.0,0.667,24.8,0.2
Jaylin Williams,OKC,C,2024,69.0,13.0,4.0,3.4,1.6,0.4,0.4,0.417,0.368,0.805,13.5,2.4
Jules Bernard,WAS,SG,2024,19.0,7.8,3.9,1.4,0.8,0.2,0.1,0.453,0.379,0.556,21.5,0.1
Chris Duarte,SAC,SF,2024,59.0,12.2,3.9,1.8,0.7,0.5,0.1,0.381,0.346,0.788,14.9,0.7
DeAndre Jordan,DEN,C,2024,36.0,11.0,3.9,4.4,0.7,0.2,0.4,0.624,0.0,0.491,15.4,1.2
Sidy Cissoko,SAS,SF,2024,12.0,11.8,3.8,1.8,0.8,0.6,0.3,0.485,0.083,0.8,12.7,0.3
Anthony Gill,WAS,PF,2024,50.0,9.3,3.8,1.9,0.7,0.3,0.2,0.469,0.244,0.806,18.0,0.4
KJ Martin,2TM,SF,2024,60.0,12.4,3.7,2.2,0.9,0.4,0.2,0.536,0.286,0.537,13.4,1.1
KJ Martin,LAC,SF,2024,2.0,15.5,5.0,1.5,0.5,1.0,0.5,0.4,0.2,0.5,18.2,0.0
KJ Martin,PHI,SF,2024,58.0,12.3,3.7,2.2,0.9,0.3,0.2,0.544,0.304,0.538,13.2,1.1
Keita Bates-Diop,2TM,SF,2024,53.0,12.5,3.7,2.1,0.7,0.5,0.4,0.434,0.304,0.762,13.0,1.3
Keita Bates-Diop,PHO,SF,2024,39.0,15.3,4.5,2.6,0.9,0.6,0.5,0.427,0.313,0.722,13.0,1.1
Keita Bates-Diop,BRK,SF,2024,14.0,4.9,1.6,0.6,0.3,0.2,0.1,0.5,0.2,1.0,13.2,0.2
Oshae Brissett,BOS,SF,2024,55.0,11.5,3.7,2.9,0.8,0.3,0.1,0.444,0.273,0.602,14.5,1.7
Jamal Cain,MIA,PF,2024,26.0,10.0,3.7,1.4,0.4,0.4,0.2,0.43,0.355,0.783,16.7,0.5
Drew Peterson,BOS,PF,2024,3.0,7.7,3.7,0.3,0.3,0.7,0.0,0.667,0.6,0.0,13.3,0.1
T.J. Warren,MIN,SF,2024,11.0,11.4,3.7,2.0,0.8,0.4,0.1,0.439,0.154,0.75,16.5,0.2
James Bouknight,CHO,SG,2024,14.0,5.8,3.6,0.6,0.4,0.1,0.1,0.439,0.433,0.5,23.9,0.1
Collin Gillespie,DEN,PG,2024,24.0,9.4,3.6,0.9,1.1,0.5,0.0,0.464,0.395,0.667,17.1,0.4
Gui Santos,GSW,PF,2024,23.0,8.3,3.6,2.1,0.6,0.2,0.1,0.509,0.37,0.941,15.2,0.7
Jarace Walker,IND,PF,2024,33.0,10.3,3.6,1.9,1.2,0.5,0.3,0.409,0.4,0.889,16.1,0.4
Lindy Waters III,OKC,SG,2024,38.0,7.4,3.6,1.1,0.6,0.1,0.2,0.471,0.435,1.0,17.3,0.9
Théo Maledon,2TM,PG,2024,17.0,12.5,3.5,1.4,1.6,0.4,0.0,0.286,0.167,0.933,19.6,-0.5
Théo Maledon,CHO,PG,2024,13.0,15.4,4.2,1.8,2.2,0.5,0.0,0.288,0.167,0.917,19.1,-0.5
Théo Maledon,PHO,PG,2024,4.0,3.3,1.3,0.3,0.0,0.0,0.0,0.25,0.0,1.0,27.7,-0.1
Onuralp Bitim,CHI,SG,2024,23.0,11.7,3.5,1.4,0.6,0.1,0.1,0.381,0.273,0.8,15.8,-0.1
Jordan McLaughlin,MIN,PG,2024,56.0,11.2,3.5,1.3,2.0,0.6,0.1,0.483,0.472,0.722,12.1,2.5
Marques Bolden,2TM,C,2024,11.0,11.0,3.4,3.1,0.4,0.3,0.6,0.68,0.0,0.75,10.9,0.3
Marques Bolden,MIL,C,2024,2.0,1.5,0.0,1.0,0.0,0.0,0.0,0.0,0.0,0.0,0.0,0.0
Marques Bolden,CHO,C,2024,9.0,13.1,4.1,3.6,0.4,0.3,0.8,0.68,0.0,0.75,11.1,0.3
Ryan Rollins,2TM,PG,2024,13.0,6.0,3.4,1.0,1.1,0.8,0.2,0.519,0.75,0.765,23.0,0.3
Ryan Rollins,WAS,PG,2024,10.0,6.6,4.1,1.1,1.1,0.8,0.3,0.52,0.667,0.765,25.2,0.2
Ryan Rollins,MIL,PG,2024,3.0,4.0,1.0,0.7,1.0,0.7,0.0,0.5,1.0,0.0,10.8,0.0
Yuta Watanabe,2TM,SF,2024,34.0,13.6,3.4,1.6,0.4,0.4,0.2,0.353,0.294,0.588,13.3,-0.1
Yuta Watanabe,PHO,SF,2024,29.0,13.2,3.6,1.6,0.3,0.3,0.2,0.361,0.32,0.667,13.6,0.0
Yuta Watanabe,MEM,SF,2024,5.0,16.4,2.6,1.8,1.0,0.6,0.0,0.316,0.1,0.0,12.0,-0.1
Buddy Boeheim,DET,SF,2024,10.0,8.4,3.4,1.0,0.3,0.0,0.1,0.31,0.32,0.8,17.0,0.1
Moses Brown,POR,C,2024,22.0,9.1,3.4,3.9,0.3,0.2,0.3,0.508,0.0,0.29,19.1,0.2
Wenyen Gabriel,MEM,PF,2024,5.0,16.2,3.4,5.0,0.6,0.4,0.4,0.364,0.167,0.0,17.0,-0.2
Nassir Little,PHO,SF,2024,45.0,10.2,3.4,1.7,0.5,0.2,0.2,0.46,0.3,0.85,13.9,0.7
Jalen McDaniels,TOR,SF,2024,50.0,10.8,3.4,1.6,0.7,0.4,0.1,0.344,0.169,0.73,18.7,-0.8
Jaden Springer,2TM,SG,2024,49.0,10.3,3.3,1.6,0.9,0.7,0.3,0.399,0.208,0.833,17.1,0.6
Jaden Springer,PHI,SG,2024,32.0,11.8,4.0,1.8,1.1,0.8,0.3,0.39,0.216,0.824,18.2,0.3
Jaden Springer,BOS,SG,2024,17.0,7.6,2.1,1.2,0.5,0.6,0.2,0.433,0.182,0.875,13.9,0.2
Charles Bassey,SAS,C,2024,19.0,10.8,3.3,4.0,1.1,0.4,0.9,0.725,0.0,0.833,11.9,0.7
Micah Potter,UTA,PF,2024,16.0,11.6,3.3,2.7,0.4,0.3,0.4,0.475,0.429,0.75,10.9,0.3
Dwight Powell,DAL,C,2024,63.0,13.3,3.3,3.4,1.3,0.4,0.3,0.679,0.333,0.708,9.1,3.1
Terquavion Smith,PHI,PG,2024,16.0,5.3,3.3,0.3,0.8,0.5,0.0,0.391,0.371,0.6,28.4,0.1
Garrett Temple,TOR,SG,2024,27.0,10.7,3.3,1.7,1.0,0.4,0.1,0.372,0.3,0.818,15.0,0.2
Tristan Thompson,CLE,C,2024,49.0,11.2,3.3,3.6,1.0,0.2,0.3,0.608,0.0,0.288,13.8,1.4
Oscar Tshiebwe,IND,PF,2024,8.0,5.3,3.3,2.0,0.3,0.3,0.1,0.5,0.0,0.75,23.5,0.2
Kira Lewis Jr.,3TM,PG,2024,28.0,9.5,3.2,0.9,1.3,0.3,0.1,0.37,0.121,0.85,18.5,0.0
Kira Lewis Jr.,NOP,PG,2024,15.0,9.6,2.9,0.9,1.2,0.3,0.1,0.308,0.1,0.909,19.6,-0.1
Kira Lewis Jr.,TOR,PG,2024,1.0,2.0,0.0,0.0,0.0,0.0,0.0,0.0,0.0,0.0,0.0,0.0
Kira Lewis Jr.,UTA,PG,2024,12.0,9.9,3.8,1.0,1.6,0.3,0.1,0.45,0.154,0.778,17.6,0.1
A.J. Lawson,DAL,SG,2024,42.0,7.4,3.2,1.2,0.5,0.2,0.1,0.446,0.26,0.652,20.0,0.2
Boban Marjanović,HOU,C,2024,14.0,5.1,3.2,2.3,0.4,0.1,0.1,0.529,0.0,0.643,27.0,0.2
Zeke Nnaji,DEN,PF,2024,58.0,9.9,3.2,2.2,0.6,0.3,0.7,0.463,0.261,0.677,15.4,1.2
Ish Smith,CHO,PG,2024,43.0,17.2,3.2,1.8,3.4,0.4,0.1,0.418,0.5,0.75,12.3,-0.4
JT Thor,CHO,PF,2024,63.0,12.4,3.2,2.3,0.5,0.2,0.4,0.437,0.346,0.55,11.7,0.6
Brandon Williams,DAL,PG,2024,17.0,6.6,3.2,0.8,1.0,0.1,0.1,0.37,0.2,0.647,26.0,-0.1
Wesley Matthews,ATL,SG,2024,36.0,11.5,3.1,1.5,0.6,0.4,0.3,0.351,0.348,0.75,11.7,0.4
Dalen Terry,CHI,SG,2024,59.0,11.5,3.1,1.9,1.4,0.5,0.3,0.439,0.23,0.581,13.4,0.8
Gabe Vincent,LAL,PG,2024,11.0,19.8,3.1,0.8,1.9,0.8,0.0,0.306,0.107,0.5,10.9,-0.1
Mike Muscala,3TM,C,2024,53.0,11.3,3.0,2.4,0.7,0.2,0.2,0.359,0.292,0.68,13.4,0.1
Mike Muscala,WAS,C,2024,24.0,14.1,4.0,3.1,0.9,0.2,0.3,0.367,0.275,0.75,14.3,0.0
Mike Muscala,DET,C,2024,13.0,13.2,3.5,2.2,0.8,0.2,0.4,0.341,0.382,0.5,11.9,0.2
Mike Muscala,OKC,C,2024,16.0,5.7,1.1,1.3,0.3,0.1,0.1,0.364,0.091,0.0,12.6,0.0
Johnny Davis,WAS,SG,2024,50.0,12.3,3.0,1.4,0.6,0.4,0.2,0.403,0.35,0.583,12.2,-0.1
Saben Lee,PHO,PG,2024,24.0,7.7,3.0,1.3,1.3,0.3,0.1,0.364,0.125,0.744,18.8,0.4
Olivier-Maxence Prosper,DAL,PF,2024,40.0,8.4,3.0,2.0,0.6,0.2,0.1,0.385,0.289,0.683,16.6,0.5
Trevelin Queen,ORL,SG,2024,14.0,11.8,2.9,1.4,1.3,0.5,0.4,0.368,0.176,0.75,13.3,0.2
Jeremiah Robinson-Earl,NOP,PF,2024,39.0,8.6,2.9,1.9,0.5,0.3,0.1,0.474,0.333,0.75,15.4,0.6
Jeenathan Williams,HOU,SG,2024,22.0,5.9,2.9,1.0,0.3,0.2,0.0,0.54,0.4,0.538,19.7,0.3
D.J. Carton,TOR,SG,2024,4.0,9.0,2.8,1.0,0.8,0.3,0.0,0.375,0.25,0.8,13.3,0.0
Henri Drell,CHI,SF,2024,4.0,7.5,2.8,1.0,1.0,0.5,0.3,0.4,0.333,0.5,18.8,0.0
Orlando Robinson,MIA,C,2024,36.0,8.4,2.8,2.3,0.9,0.2,0.2,0.5,0.533,0.76,14.8,0.9
Emoni Bates,CLE,SF,2024,15.0,8.9,2.7,0.9,0.7,0.1,0.1,0.306,0.303,0.25,19.5,-0.3
Leaky Black,CHO,SF,2024,26.0,10.9,2.7,1.8,0.9,0.3,0.4,0.481,0.45,0.667,10.1,0.5
Damian Jones,CLE,C,2024,39.0,6.9,2.7,1.6,0.4,0.2,0.3,0.597,0.214,0.857,15.4,0.8
Malik Williams,TOR,C,2024,7.0,15.3,2.7,5.4,0.3,0.4,0.6,0.265,0.2,0.0,15.1,-0.2
Timmy Allen,MEM,SF,2024,5.0,25.0,2.6,3.4,1.0,0.8,0.0,0.261,0.0,0.5,8.9,-0.1
Moussa Diabaté,LAC,C,2024,11.0,5.8,2.6,2.2,0.4,0.5,0.1,0.526,0.0,0.643,18.6,0.3
Otto Porter Jr.,TOR,SF,2024,15.0,11.6,2.6,1.9,0.5,0.3,0.3,0.424,0.348,1.0,8.9,0.3
Alex Fudge,2TM,SF,2024,6.0,6.7,2.5,0.8,0.0,0.5,0.0,0.4,0.2,1.0,19.2,0.0
Alex Fudge,LAL,SF,2024,4.0,3.5,1.0,0.5,0.0,0.0,0.0,0.167,0.0,1.0,24.3,-0.1
Alex Fudge,DAL,SF,2024,2.0,13.0,5.5,1.5,0.0,1.5,0.0,0.556,0.333,0.0,16.5,0.1
Dylan Windler,3TM,SF,2024,17.0,6.4,2.5,0.9,0.6,0.1,0.0,0.5,0.481,0.0,12.5,0.3
Dylan Windler,NYK,SF,2024,3.0,2.3,1.0,0.3,0.3,0.0,0.0,0.5,0.5,0.0,12.3,0.0
Dylan Windler,LAL,SF,2024,8.0,3.5,1.5,0.4,0.8,0.0,0.0,0.444,0.5,0.0,13.9,0.1
Dylan Windler,ATL,SF,2024,6.0,12.2,4.7,2.0,0.5,0.3,0.0,0.526,0.471,0.0,12.0,0.2
Greg Brown III,DAL,PF,2024,6.0,6.7,2.5,1.5,0.7,0.0,0.7,0.455,0.333,0.444,20.3,0.0
Furkan Korkmaz,PHI,SG,2024,35.0,8.6,2.5,0.9,0.7,0.4,0.1,0.395,0.35,0.7,13.6,0.4
Alex Len,SAC,C,2024,48.0,9.3,2.5,2.7,1.0,0.2,0.7,0.617,0.0,0.588,11.8,1.3
Markieff Morris,DAL,PF,2024,26.0,8.3,2.5,1.5,0.6,0.2,0.1,0.338,0.357,0.833,16.4,-0.1
Harry Giles,2TM,C,2024,23.0,4.3,2.4,1.3,0.3,0.1,0.1,0.46,0.214,0.538,26.7,0.1
Harry Giles,BRK,C,2024,16.0,5.1,3.4,1.6,0.4,0.1,0.2,0.5,0.273,0.538,29.8,0.1
Harry Giles,LAL,C,2024,7.0,2.7,0.3,0.6,0.0,0.1,0.0,0.167,0.0,0.0,13.6,-0.1
AJ Griffin,ATL,SF,2024,20.0,8.6,2.4,0.9,0.3,0.1,0.1,0.29,0.256,1.0,17.3,-0.4
Mouhamadou Gueye,TOR,PF,2024,11.0,10.9,2.4,2.1,0.5,0.3,1.6,0.289,0.0,0.444,19.2,-0.4
Joe Harris,DET,SG,2024,16.0,10.6,2.4,0.8,0.6,0.2,0.1,0.359,0.333,0.5,11.0,0.0
Cory Joseph,GSW,PG,2024,26.0,11.4,2.4,1.2,1.6,0.2,0.1,0.359,0.31,0.571,11.3,0.2
Xavier Moon,LAC,SG,2024,14.0,8.5,2.4,1.3,1.5,0.2,0.2,0.326,0.118,0.5,19.1,-0.1
Jamaree Bouyea,2TM,PG,2024,9.0,10.6,2.3,2.1,1.2,0.1,0.0,0.357,0.111,0.0,16.5,-0.3
Jamaree Bouyea,POR,PG,2024,6.0,9.5,1.7,1.7,1.3,0.0,0.0,0.238,0.0,0.0,21.6,-0.4
Jamaree Bouyea,SAS,PG,2024,3.0,12.7,3.7,3.0,1.0,0.3,0.0,0.714,1.0,0.0,8.9,0.1
Amari Bailey,CHO,PG,2024,10.0,6.5,2.3,0.9,0.7,0.3,0.0,0.333,0.125,0.857,21.1,-0.1
Isaiah Mobley,CLE,PF,2024,10.0,7.2,2.3,1.0,0.6,0.2,0.0,0.417,0.3,0.0,16.2,0.0
Chuma Okeke,ORL,SF,2024,47.0,9.2,2.3,1.7,0.4,0.2,0.1,0.357,0.28,0.571,13.3,0.3
Olivier Sarr,OKC,C,2024,15.0,6.5,2.3,2.4,0.1,0.0,0.5,0.579,0.333,0.667,12.7,0.4
Dereon Seabron,NOP,SG,2024,6.0,9.2,2.3,1.2,0.8,0.3,0.2,0.308,0.5,0.833,12.4,0.1
Cole Swider,MIA,SF,2024,18.0,4.8,2.3,0.4,0.3,0.1,0.1,0.395,0.333,1.0,24.0,-0.1
Udoka Azubuike,PHO,C,2024,16.0,7.1,2.2,2.0,0.2,0.1,0.4,0.696,0.0,0.231,12.6,0.2
Reggie Bullock,HOU,SF,2024,44.0,9.5,2.2,1.7,0.3,0.3,0.1,0.415,0.403,1.0,9.4,0.6
Trent Forrest,ATL,SG,2024,38.0,10.9,2.2,1.3,2.4,0.3,0.1,0.378,0.2,0.765,11.8,0.2
Nate Hinton,HOU,SG,2024,15.0,5.0,2.2,1.5,0.7,0.2,0.1,0.423,0.5,0.8,17.7,0.3
Andre Jackson Jr.,MIL,SG,2024,57.0,10.0,2.2,2.0,0.9,0.3,0.1,0.5,0.37,0.727,10.0,1.0
Julian Phillips,CHI,SF,2024,40.0,8.1,2.2,0.9,0.3,0.2,0.2,0.416,0.316,0.684,13.0,0.2
Ish Wainright,2TM,SF,2024,11.0,5.6,2.1,1.3,0.1,0.4,0.1,0.292,0.35,1.0,18.5,0.0
Ish Wainright,POR,SF,2024,7.0,6.6,2.9,1.3,0.0,0.3,0.1,0.333,0.375,1.0,18.4,0.1
Ish Wainright,PHO,SF,2024,4.0,4.0,0.8,1.3,0.3,0.5,0.0,0.167,0.25,0.0,19.0,0.0
Colby Jones,SAC,SG,2024,30.0,6.4,2.1,1.3,0.7,0.2,0.2,0.394,0.091,0.545,19.1,0.0
Mamadi Diakite,2TM,PF,2024,6.0,4.0,2.0,0.7,0.3,0.2,0.2,0.667,0.0,0.667,17.0,0.1
Mamadi Diakite,SAS,PF,2024,3.0,5.3,4.0,1.0,0.7,0.0,0.3,0.8,0.0,0.667,20.2,0.1
Mamadi Diakite,NYK,PF,2024,3.0,2.7,0.0,0.3,0.0,0.3,0.0,0.0,0.0,0.0,10.8,0.0
Kobe Brown,LAC,PF,2024,44.0,9.0,2.0,1.4,0.6,0.3,0.1,0.411,0.292,0.5,11.1,0.5
JD Davison,BOS,SG,2024,8.0,4.9,2.0,1.3,1.3,0.1,0.1,0.417,0.429,0.75,17.6,0.2
Jordan Ford,SAC,PG,2024,6.0,3.7,2.0,0.3,0.3,0.0,0.0,0.571,0.667,1.0,17.3,0.1
Kevon Harris,ORL,SG,2024,2.0,3.0,2.0,1.0,0.5,0.0,0.0,0.667,0.0,0.0,29.1,0.0
D'Moi Hodge,LAL,SG,2024,7.0,5.9,2.0,0.0,0.7,0.1,0.1,0.333,0.25,0.5,17.8,0.0
Ty Jerome,CLE,SG,2024,2.0,7.5,2.0,0.5,1.5,0.0,0.0,0.5,0.0,0.0,14.7,0.0
Markquis Nowell,TOR,SG,2024,1.0,4.0,2.0,2.0,2.0,1.0,0.0,0.0,0.0,1.0,20.1,0.1
Jericho Sims,NYK,C,2024,45.0,13.0,2.0,3.3,0.6,0.2,0.4,0.691,0.0,0.667,6.0,1.5
Lindell Wigginton,MIL,PG,2024,3.0,2.7,2.0,0.0,0.0,0.0,0.0,0.4,0.0,1.0,37.1,0.0
Isaiah Wong,IND,SG,2024,1.0,4.0,2.0,0.0,0.0,0.0,0.0,0.333,0.0,0.0,31.4,0.0
Justin Minaya,POR,SF,2024,34.0,11.2,1.8,1.6,0.6,0.3,0.3,0.297,0.245,0.556,9.7,0.1
Daishen Nix,MIN,PG,2024,15.0,3.3,1.8,0.2,0.4,0.3,0.0,0.375,0.353,0.5,28.0,0.0
Cody Zeller,NOP,C,2024,43.0,7.4,1.8,2.6,0.9,0.2,0.1,0.419,0.333,0.605,12.9,0.8
Taj Gibson,2TM,PF,2024,20.0,10.2,1.7,1.9,0.6,0.2,0.4,0.405,0.2,1.0,9.0,0.2
Taj Gibson,NYK,PF,2024,16.0,10.3,1.0,1.8,0.6,0.1,0.4,0.304,0.0,1.0,7.6,0.1
Taj Gibson,DET,PF,2024,4.0,9.8,4.5,2.3,0.5,0.3,0.3,0.571,0.5,0.0,15.3,0.1
P.J. Tucker,2TM,PF,2024,31.0,15.7,1.7,2.7,0.5,0.5,0.2,0.36,0.371,1.0,5.3,0.7
P.J. Tucker,PHI,PF,2024,3.0,22.0,2.0,4.7,0.0,1.0,0.7,0.4,0.4,0.0,4.6,0.1
P.J. Tucker,LAC,PF,2024,28.0,15.0,1.6,2.5,0.6,0.5,0.2,0.356,0.367,1.0,5.5,0.6
Kessler Edwards,SAC,SF,2024,54.0,5.1,1.7,0.8,0.3,0.2,0.1,0.415,0.385,0.556,14.0,0.5
Leonard Miller,MIN,SF,2024,17.0,3.1,1.7,1.2,0.5,0.1,0.1,0.65,0.4,0.5,18.6,0.3
Jason Preston,UTA,PG,2024,7.0,10.1,1.7,2.4,2.3,0.3,0.1,0.316,0.0,0.0,12.4,0.0
Jordan Walsh,BOS,SF,2024,9.0,9.2,1.7,2.2,0.6,0.6,0.1,0.4,0.222,0.5,9.9,0.2
Jalen Hood-Schifino,LAL,SG,2024,21.0,5.2,1.6,0.6,0.4,0.1,0.1,0.222,0.133,0.6,24.9,-0.5
Jett Howard,ORL,SF,2024,18.0,3.7,1.6,0.4,0.3,0.1,0.1,0.333,0.28,0.5,22.7,0.0
Seth Lundy,ATL,SF,2024,9.0,5.8,1.6,0.8,0.0,0.0,0.0,0.235,0.231,0.75,15.8,-0.1
Jordan Miller,LAC,SF,2024,8.0,3.5,1.6,0.6,0.0,0.0,0.0,0.556,0.5,1.0,17.0,0.1
Josh Minott,MIN,SF,2024,32.0,2.8,1.6,0.5,0.3,0.2,0.2,0.472,0.4,0.857,21.4,0.4
Jalen Pickett,DEN,SG,2024,27.0,4.5,1.6,0.5,0.8,0.1,0.0,0.429,0.36,0.75,16.4,0.2
Ibou Badji,POR,C,2024,22.0,10.3,1.5,2.3,0.6,0.1,0.9,0.636,0.0,0.5,8.0,0.2
Colin Castleton,LAL,C,2024,16.0,3.7,1.5,0.8,0.2,0.1,0.0,0.563,0.0,1.0,15.8,0.2
Adam Flagler,OKC,SG,2024,2.0,7.0,1.5,0.0,2.0,0.0,0.0,0.143,0.167,0.0,21.7,0.0
Dariq Whitehead,BRK,SF,2024,2.0,12.0,1.5,2.0,1.5,0.0,0.5,0.2,0.0,0.5,10.6,0.0
Terry Taylor,CHI,PF,2024,31.0,6.1,1.5,1.2,0.3,0.2,0.1,0.513,0.222,0.8,11.3,0.3
Jack White,MEM,SF,2024,4.0,16.0,1.5,3.0,0.3,1.0,0.3,0.125,0.2,0.0,12.1,-0.1
Kendall Brown,IND,SG,2024,15.0,4.2,1.4,0.3,0.3,0.0,0.0,0.533,0.0,0.625,13.7,0.1
Mason Jones,SAC,SG,2024,5.0,5.6,1.4,1.0,1.0,0.2,0.0,0.25,0.286,0.5,16.6,0.0
Jerome Robinson,GSW,SG,2024,22.0,3.7,1.4,0.3,0.2,0.0,0.1,0.333,0.118,0.636,20.7,-0.1
Jermaine Samuels,HOU,SF,2024,14.0,4.3,1.4,0.9,0.2,0.1,0.1,0.643,0.0,1.0,10.5,0.2
Jacob Toppin,NYK,SF,2024,9.0,4.2,1.4,0.8,0.3,0.0,0.1,0.556,0.25,1.0,12.4,0.1
R.J. Hampton,MIA,PG,2024,8.0,9.5,1.3,0.8,1.0,0.0,0.0,0.286,0.125,0.5,10.5,-0.1
Nathan Mensah,CHO,C,2024,25.0,12.3,1.3,2.6,0.4,0.2,0.6,0.429,0.0,0.75,6.8,0.1
Isaiah Thomas,PHO,PG,2024,6.0,3.2,1.3,0.0,0.5,0.0,0.0,0.3,0.5,0.0,22.8,0.0
TyTy Washington Jr.,MIL,PG,2024,11.0,5.1,1.3,0.5,0.5,0.3,0.0,0.3,0.333,0.0,17.0,-0.1
Jay Huff,DEN,C,2024,20.0,2.5,1.2,0.6,0.1,0.1,0.2,0.6,0.333,1.0,15.0,0.2
Keyontae Johnson,OKC,SF,2024,9.0,7.3,1.2,1.1,0.4,0.1,0.0,0.313,0.333,0.0,13.1,-0.1
Chris Livingston,MIL,SF,2024,21.0,4.3,1.2,1.0,0.2,0.1,0.0,0.5,0.2,0.75,13.8,0.1
Braxton Key,DEN,SF,2024,20.0,3.0,1.1,0.9,0.5,0.1,0.1,0.412,0.4,0.75,15.7,0.2
Robin Lopez,MIL,C,2024,16.0,4.1,1.1,0.3,0.3,0.1,0.2,0.368,0.25,1.0,14.5,0.0
Admiral Schofield,ORL,PF,2024,23.0,3.7,1.1,0.7,0.3,0.0,0.0,0.385,0.375,0.0,16.6,0.0
Hunter Tyson,DEN,PF,2024,18.0,2.7,1.1,0.5,0.1,0.1,0.0,0.4,0.286,0.0,20.0,0.0
Filip Petrušev,2TM,C,2024,3.0,3.3,1.0,0.3,0.0,0.0,0.0,0.5,0.0,0.5,12.3,0.0
Filip Petrušev,PHI,C,2024,1.0,3.0,0.0,1.0,0.0,0.0,0.0,0.0,0.0,0.0,0.0,0.0
Filip Petrušev,SAC,C,2024,2.0,3.5,1.5,0.0,0.0,0.0,0.0,0.5,0.0,0.5,17.6,0.0
Hamidou Diallo,WAS,SG,2024,2.0,2.5,1.0,1.0,0.5,1.0,0.0,0.5,0.0,0.0,25.3,0.0
Frank Ntilikina,CHO,PG,2024,5.0,8.6,1.0,1.2,0.8,0.0,0.0,0.111,0.125,1.0,11.2,-0.1
Joshua Primo,LAC,SG,2024,2.0,5.0,1.0,0.5,0.0,0.0,0.5,0.333,0.0,0.0,30.7,-0.1
Thanasis Antetokounmpo,MIL,PF,2024,34.0,4.6,0.9,0.4,0.5,0.2,0.1,0.533,0.0,0.0,12.5,0.0
James Johnson,IND,PF,2024,9.0,5.2,0.9,0.4,0.9,0.6,0.1,0.3,0.0,1.0,14.2,0.0
Charlie Brown Jr.,NYK,SG,2024,8.0,4.6,0.8,0.3,0.0,0.0,0.3,0.2,0.286,0.0,14.0,-0.1
DaQuan Jeffries,NYK,SG,2024,17.0,2.7,0.8,0.3,0.3,0.0,0.1,0.353,0.2,0.0,19.6,-0.1
Shaquille Harrison,MEM,SG,2024,3.0,2.0,0.7,0.7,0.0,0.0,0.3,0.5,0.0,0.0,14.3,0.0
Quenton Jackson,IND,PG,2024,3.0,3.7,0.7,1.3,0.7,0.3,0.0,0.0,0.0,1.0,7.2,0.0
Wendell Moore Jr.,MIN,SG,2024,25.0,3.0,0.7,0.5,0.2,0.2,0.0,0.5,0.0,0.0,13.0,0.1
Jalen Slawson,SAC,SF,2024,12.0,3.1,0.7,0.6,0.2,0.1,0.1,0.667,0.0,0.0,9.2,0.0
Pat Spencer,GSW,PG,2024,6.0,4.3,0.7,0.7,0.8,0.0,0.0,0.5,0.0,0.0,8.1,0.0
Alondes Williams,MIA,SG,2024,7.0,2.3,0.7,0.1,0.0,0.0,0.1,0.25,0.0,1.0,29.1,-0.1
Juan Toscano-Anderson,SAC,SF,2024,11.0,4.8,0.6,1.3,0.4,0.1,0.1,0.25,0.25,0.0,11.3,0.0
Usman Garuba,GSW,PF,2024,6.0,3.0,0.5,1.2,0.2,0.2,0.5,0.167,0.0,0.5,20.8,0.0
E.J. Liddell,NOP,PF,2024,8.0,2.9,0.5,0.6,0.1,0.3,0.3,0.167,0.0,1.0,16.8,0.0
Pete Nance,CLE,PF,2024,8.0,3.4,0.4,0.4,0.0,0.1,0.0,0.167,1.0,0.0,12.9,-0.1
Maxwell Lewis,LAL,SF,2024,34.0,3.0,0.3,0.1,0.2,0.1,0.0,0.19,0.111,0.667,13.6,-0.4
Ryan Arcidiacono,NYK,PG,2024,20.0,2.3,0.0,0.4,0.2,0.1,0.0,0.0,0.0,0.0,7.7,-0.1
Malcolm Cazalon,DET,SG,2024,1.0,3.0,0.0,0.0,0.0,0.0,0.0,0.0,0.0,0.0,0.0,0.0
Jalen Crutcher,NOP,PG,2024,1.0,3.0,0.0,0.0,0.0,0.0,0.0,0.0,0.0,0.0,14.5,0.0
Andrew Funk,CHI,SG,2024,5.0,2.6,0.0,0.0,0.0,0.2,0.2,0.0,0.0,0.0,13.5,-0.1
Kaiser Gates,NOP,SF,2024,1.0,7.0,0.0,1.0,0.0,0.0,0.0,0.0,0.0,0.0,24.9,-0.1
Danny Green,PHI,SG,2024,2.0,9.0,0.0,1.0,0.5,0.5,0.0,0.0,0.0,0.0,4.8,0.0
Ron Harper Jr.,TOR,PF,2024,1.0,4.0,0.0,0.0,1.0,0.0,0.0,0.0,0.0,0.0,0.0,0.0
Justin Jackson,MIN,SF,2024,2.0,0.5,0.0,0.0,0.0,0.0,0.0,0.0,0.0,0.0,0.0,0.0
Dmytro Skapintsev,NYK,C,2024,2.0,1.0,0.0,0.0,0.0,0.0,0.0,0.0,0.0,0.0,21.6,0.0
Javonte Smart,PHI,PG,2024,1.0,1.0,0.0,0.0,0.0,0.0,0.0,0.0,0.0,0.0,0.0,0.0
League Average,,,2024,0.0,0.0,0.0,0.0,0.0,0.0,0.0,0.474,0.366,0.784,19.9,0.0
